                  epoch,         train/box_loss,         train/cls_loss,         train/dfl_loss,   metrics/precision(B),      metrics/recall(B),       metrics/mAP50(B),    metrics/mAP50-95(B),           val/box_loss,           val/cls_loss,           val/dfl_loss,                 lr/pg0,                 lr/pg1,                 lr/pg2
                      1,                 4.3832,                 4.3037,                 3.1955,                0.32203,                0.02365,                0.01393,                0.00386,                 3.3851,                 3.2471,                 1.9943,              0.0033251,              0.0033251,              0.0033251
                      2,                  2.913,                 2.5842,                  1.676,                0.27259,                0.08738,                0.05327,                 0.0218,                 2.6234,                 2.1287,                 1.4236,              0.0066255,              0.0066255,              0.0066255
                      3,                 2.4618,                 2.2016,                  1.395,                0.24557,                0.11536,                0.07824,                0.03842,                 2.1866,                 1.9241,                 1.2412,              0.0098929,              0.0098929,              0.0098929
                      4,                 2.2099,                 1.9586,                 1.2782,                0.36272,                0.12869,                0.10572,                0.05113,                 1.9723,                 1.6752,                 1.1765,              0.0098515,              0.0098515,              0.0098515
                      5,                 2.0488,                 1.7977,                 1.2099,                 0.2178,                  0.155,                0.12505,                0.06121,                 1.8877,                  1.559,                 1.1293,               0.009802,               0.009802,               0.009802
                      6,                 1.9559,                 1.6904,                 1.1753,                  0.246,                0.17178,                0.13959,                0.07267,                 1.7892,                 1.4603,                 1.1048,              0.0097525,              0.0097525,              0.0097525
                      7,                 1.8854,                 1.6072,                 1.1509,                0.20961,                0.18923,                0.14349,                0.07351,                  1.759,                 1.4429,                 1.0942,               0.009703,               0.009703,               0.009703
                      8,                 1.8184,                 1.5337,                 1.1289,                0.26617,                0.19846,                0.15726,                0.08249,                  1.718,                 1.3955,                  1.083,              0.0096535,              0.0096535,              0.0096535
                      9,                 1.7963,                 1.5008,                 1.1131,                0.26845,                 0.2094,                0.17537,                0.09353,                 1.6618,                 1.3358,                 1.0622,               0.009604,               0.009604,               0.009604
                     10,                 1.7558,                 1.4614,                 1.1058,                0.25803,                0.20193,                 0.1706,                 0.0907,                 1.6732,                 1.3397,                 1.0629,              0.0095545,              0.0095545,              0.0095545
                     11,                 1.7313,                  1.429,                 1.0951,                0.26891,                0.21107,                0.18056,                0.09643,                 1.6373,                 1.2883,                 1.0559,               0.009505,               0.009505,               0.009505
                     12,                 1.7141,                 1.4048,                 1.0885,                0.27569,                0.21258,                0.18432,                0.09661,                 1.6474,                 1.2777,                 1.0493,              0.0094555,              0.0094555,              0.0094555
                     13,                 1.6967,                 1.3794,                  1.084,                0.28162,                0.22223,                0.19115,                0.10236,                 1.5935,                 1.2481,                  1.039,               0.009406,               0.009406,               0.009406
                     14,                 1.6754,                 1.3604,                 1.0784,                0.30414,                0.22475,                0.20642,                0.11283,                 1.5798,                 1.2199,                 1.0345,              0.0093565,              0.0093565,              0.0093565
                     15,                 1.6588,                 1.3396,                  1.073,                0.29221,                0.23817,                0.21292,                0.11699,                 1.5522,                 1.2065,                 1.0249,               0.009307,               0.009307,               0.009307
                     16,                 1.6399,                 1.3198,                 1.0669,                0.30873,                 0.2384,                0.21382,                0.11544,                 1.5563,                 1.1967,                 1.0274,              0.0092575,              0.0092575,              0.0092575
                     17,                 1.6343,                 1.3135,                 1.0639,                0.31348,                0.22631,                0.20955,                0.11328,                 1.5664,                 1.2126,                 1.0327,               0.009208,               0.009208,               0.009208
                     18,                 1.6262,                  1.301,                 1.0631,                 0.3119,                0.23969,                   0.22,                0.11816,                 1.5284,                 1.1807,                 1.0218,              0.0091585,              0.0091585,              0.0091585
                     19,                 1.6157,                 1.2812,                 1.0554,                 0.3195,                0.24243,                0.22742,                0.12487,                 1.5243,                 1.1703,                 1.0187,               0.009109,               0.009109,               0.009109
                     20,                  1.599,                   1.27,                 1.0537,                0.31855,                0.24364,                 0.2265,                0.12379,                 1.5139,                 1.1552,                 1.0102,              0.0090595,              0.0090595,              0.0090595
                     21,                 1.5948,                 1.2505,                 1.0477,                0.32827,                0.24544,                 0.2272,                0.12493,                 1.5259,                 1.1625,                 1.0138,                0.00901,                0.00901,                0.00901
                     22,                 1.5797,                 1.2499,                 1.0459,                0.33855,                0.24965,                0.22991,                0.12666,                 1.5092,                 1.1439,                 1.0135,              0.0089605,              0.0089605,              0.0089605
                     23,                 1.5857,                 1.2471,                 1.0427,                0.32428,                0.25683,                 0.2336,                 0.1286,                 1.4932,                 1.1542,                  1.009,               0.008911,               0.008911,               0.008911
                     24,                 1.5741,                 1.2357,                 1.0415,                0.32248,                0.26017,                0.23794,                0.13161,                 1.4864,                 1.1239,                 1.0052,              0.0088615,              0.0088615,              0.0088615
                     25,                 1.5511,                 1.2207,                  1.039,                0.35385,                0.25607,                  0.241,                0.13497,                 1.4714,                 1.1155,                 1.0012,               0.008812,               0.008812,               0.008812
                     26,                 1.5543,                 1.2122,                 1.0367,                0.35035,                0.26389,                0.24352,                0.13539,                 1.4644,                 1.1193,                0.99755,              0.0087625,              0.0087625,              0.0087625
                     27,                 1.5415,                  1.205,                 1.0361,                0.34918,                 0.2744,                0.25337,                0.13992,                 1.4592,                 1.1105,                0.99907,               0.008713,               0.008713,               0.008713
                     28,                 1.5348,                 1.1945,                 1.0331,                0.35615,                0.25646,                0.24564,                0.13678,                 1.4631,                  1.097,                0.99695,              0.0086635,              0.0086635,              0.0086635
                     29,                 1.5398,                 1.1918,                 1.0305,                0.34086,                0.26915,                0.24791,                0.13776,                 1.4572,                 1.1155,                0.99788,               0.008614,               0.008614,               0.008614
                     30,                  1.539,                 1.1856,                 1.0313,                0.35707,                0.27136,                0.25533,                0.14293,                 1.4484,                 1.0876,                0.99424,              0.0085645,              0.0085645,              0.0085645
                     31,                  1.537,                 1.1848,                 1.0299,                 0.3786,                0.26605,                0.25731,                0.14218,                 1.4474,                  1.087,                0.99404,               0.008515,               0.008515,               0.008515
                     32,                 1.5081,                 1.1651,                 1.0268,                0.37401,                0.27295,                0.25864,                0.14435,                 1.4385,                 1.0781,                 0.9914,              0.0084655,              0.0084655,              0.0084655
                     33,                 1.5169,                 1.1634,                 1.0255,                0.35125,                 0.2795,                0.25776,                0.14474,                 1.4387,                 1.0787,                0.99191,               0.008416,               0.008416,               0.008416
                     34,                 1.5198,                 1.1652,                 1.0261,                0.37124,                0.27759,                0.26594,                0.14643,                 1.4339,                 1.0758,                0.98837,              0.0083665,              0.0083665,              0.0083665
                     35,                 1.5047,                 1.1571,                 1.0215,                0.37574,                0.27925,                0.26598,                0.14903,                 1.4248,                 1.0658,                0.98715,               0.008317,               0.008317,               0.008317
                     36,                 1.4982,                 1.1505,                 1.0194,                0.37387,                0.27458,                0.26591,                0.14782,                 1.4191,                 1.0685,                0.98725,              0.0082675,              0.0082675,              0.0082675
                     37,                 1.5041,                 1.1456,                 1.0195,                0.37148,                 0.2823,                0.27025,                0.15247,                 1.4122,                 1.0566,                0.98299,               0.008218,               0.008218,               0.008218
                     38,                 1.4913,                 1.1415,                 1.0199,                0.38778,                0.27843,                0.26678,                 0.1486,                 1.4212,                 1.0633,                0.98395,              0.0081685,              0.0081685,              0.0081685
                     39,                 1.4953,                 1.1442,                 1.0169,                0.38461,                0.28414,                0.27167,                 0.1507,                  1.417,                 1.0544,                 0.9835,               0.008119,               0.008119,               0.008119
                     40,                 1.4949,                 1.1456,                 1.0193,                0.37668,                0.28113,                  0.268,                0.15128,                  1.407,                 1.0537,                0.98051,              0.0080695,              0.0080695,              0.0080695
                     41,                 1.4903,                 1.1329,                  1.015,                0.37895,                0.28516,                0.27249,                0.15222,                 1.4006,                 1.0412,                0.97937,                0.00802,                0.00802,                0.00802
                     42,                 1.4819,                 1.1293,                 1.0152,                0.37224,                0.28541,                 0.2714,                0.15296,                 1.4046,                  1.044,                0.98099,              0.0079705,              0.0079705,              0.0079705
                     43,                 1.4754,                  1.122,                 1.0142,                0.37311,                 0.2895,                0.27342,                0.15389,                 1.3972,                 1.0407,                0.97982,               0.007921,               0.007921,               0.007921
                     44,                 1.4789,                 1.1233,                 1.0141,                 0.3736,                0.28852,                0.27083,                0.15294,                 1.3972,                 1.0384,                0.97697,              0.0078715,              0.0078715,              0.0078715
                     45,                 1.4805,                 1.1238,                 1.0111,                0.39233,                0.28778,                0.27383,                0.15406,                 1.3961,                 1.0365,                0.97827,               0.007822,               0.007822,               0.007822
                     46,                 1.4727,                 1.1156,                 1.0139,                0.39453,                0.28683,                0.27701,                0.15679,                  1.394,                 1.0364,                0.97597,              0.0077725,              0.0077725,              0.0077725
                     47,                 1.4785,                 1.1157,                 1.0113,                 0.3798,                 0.2889,                0.27661,                0.15565,                 1.3947,                 1.0309,                0.97732,               0.007723,               0.007723,               0.007723
                     48,                 1.4671,                 1.1077,                 1.0125,                 0.3791,                0.29151,                 0.2779,                0.15728,                 1.3881,                 1.0314,                0.97274,              0.0076735,              0.0076735,              0.0076735
                     49,                 1.4535,                 1.0983,                 1.0063,                0.38575,                0.29594,                0.28118,                0.15774,                 1.3923,                 1.0251,                0.97416,               0.007624,               0.007624,               0.007624
                     50,                 1.4627,                 1.1041,                 1.0085,                0.39189,                0.29624,                0.28016,                0.15719,                 1.3839,                 1.0241,                0.97326,              0.0075745,              0.0075745,              0.0075745
                     51,                 1.4576,                 1.0972,                 1.0071,                0.38803,                0.29328,                0.28054,                0.15885,                 1.3827,                 1.0242,                0.97399,               0.007525,               0.007525,               0.007525
                     52,                 1.4554,                 1.0939,                 1.0092,                0.38841,                 0.2939,                0.28413,                 0.1605,                 1.3803,                   1.02,                0.97234,              0.0074755,              0.0074755,              0.0074755
                     53,                 1.4571,                 1.0937,                 1.0068,                0.38723,                0.29818,                0.28499,                 0.1609,                 1.3799,                 1.0232,                0.97257,               0.007426,               0.007426,               0.007426
                     54,                 1.4452,                 1.0857,                 1.0006,                0.40561,                 0.2979,                0.28769,                0.16303,                 1.3736,                 1.0114,                0.97137,              0.0073765,              0.0073765,              0.0073765
                     55,                 1.4502,                 1.0896,                 1.0062,                0.39851,                0.29441,                 0.2863,                0.16218,                 1.3727,                  1.014,                0.96988,               0.007327,               0.007327,               0.007327
                     56,                 1.4582,                  1.095,                 1.0047,                 0.3967,                0.30195,                0.28897,                0.16432,                 1.3733,                 1.0158,                0.96991,              0.0072775,              0.0072775,              0.0072775
                     57,                 1.4496,                  1.084,                 1.0049,                0.39798,                0.29945,                0.28711,                0.16249,                  1.369,                 1.0106,                0.96807,               0.007228,               0.007228,               0.007228
                     58,                 1.4445,                 1.0857,                 1.0033,                0.39337,                0.29909,                0.28581,                0.16239,                 1.3689,                 1.0119,                0.96913,              0.0071785,              0.0071785,              0.0071785
                     59,                 1.4394,                 1.0776,                 1.0003,                0.40154,                0.30299,                0.28962,                0.16448,                 1.3648,                 1.0104,                0.96747,               0.007129,               0.007129,               0.007129
                     60,                 1.4326,                 1.0728,                0.99896,                 0.4068,                0.30221,                0.29192,                 0.1656,                 1.3617,                 1.0023,                0.96767,              0.0070795,              0.0070795,              0.0070795
                     61,                 1.4487,                  1.077,                 1.0005,                0.40186,                0.30576,                0.29172,                0.16499,                 1.3622,                 1.0025,                0.96709,                0.00703,                0.00703,                0.00703
                     62,                 1.4365,                 1.0728,                0.99899,                  0.403,                0.30575,                0.29249,                 0.1661,                 1.3583,                 1.0022,                0.96655,              0.0069805,              0.0069805,              0.0069805
                     63,                 1.4369,                 1.0702,                0.99815,                0.40204,                0.30472,                 0.2936,                0.16722,                 1.3584,                 1.0009,                0.96577,               0.006931,               0.006931,               0.006931
                     64,                 1.4307,                 1.0671,                 0.9987,                0.41339,                  0.301,                0.29154,                0.16688,                 1.3564,                0.99402,                0.96487,              0.0068815,              0.0068815,              0.0068815
                     65,                 1.4269,                 1.0598,                0.99759,                0.40357,                0.30573,                0.29245,                0.16698,                 1.3571,                0.99444,                0.96473,               0.006832,               0.006832,               0.006832
                     66,                 1.4211,                 1.0533,                0.99548,                0.40925,                 0.3083,                0.29598,                0.16802,                 1.3556,                0.99254,                0.96404,              0.0067825,              0.0067825,              0.0067825
                     67,                 1.4341,                 1.0665,                0.99838,                0.39885,                 0.3087,                0.29344,                0.16629,                 1.3532,                0.99852,                0.96436,               0.006733,               0.006733,               0.006733
                     68,                 1.4303,                 1.0572,                0.99772,                0.40232,                0.30725,                 0.2941,                0.16634,                 1.3533,                0.99247,                0.96441,              0.0066835,              0.0066835,              0.0066835
                     69,                  1.407,                 1.0473,                0.99479,                 0.4101,                0.30415,                 0.2956,                0.16906,                 1.3495,                0.98989,                0.96215,               0.006634,               0.006634,               0.006634
                     70,                 1.4196,                 1.0503,                0.99352,                0.41117,                0.31084,                0.29785,                0.17045,                 1.3499,                 0.9865,                0.96307,              0.0065845,              0.0065845,              0.0065845
                     71,                 1.4198,                 1.0483,                0.99318,                0.40603,                0.30963,                0.29782,                0.16947,                 1.3455,                0.98787,                 0.9621,               0.006535,               0.006535,               0.006535
                     72,                 1.4201,                 1.0481,                0.99515,                0.40365,                 0.3098,                0.29805,                0.16972,                 1.3445,                0.98742,                0.96299,              0.0064855,              0.0064855,              0.0064855
                     73,                 1.4207,                 1.0498,                0.99691,                 0.4057,                0.31109,                0.29741,                 0.1702,                  1.357,                0.99385,                0.96327,               0.006436,               0.006436,               0.006436
                     74,                 1.4507,                 1.0727,                0.99191,                0.40996,                0.31229,                0.29934,                0.16967,                 1.3789,                 1.0172,                0.96089,              0.0063865,              0.0063865,              0.0063865
                     75,                 1.4546,                 1.0807,                0.99058,                0.41471,                0.30873,                0.29878,                0.17031,                 1.3851,                  1.026,                0.96135,               0.006337,               0.006337,               0.006337
                     76,                 1.4578,                 1.0861,                0.99028,                0.41259,                0.30999,                0.29971,                0.17201,                 1.3848,                 1.0286,                 0.9592,              0.0062875,              0.0062875,              0.0062875
                     77,                  1.462,                 1.0886,                 0.9876,                0.40813,                0.31087,                0.30004,                0.17197,                 1.3829,                 1.0269,                0.95662,               0.006238,               0.006238,               0.006238
                     78,                 1.4485,                 1.0789,                0.98404,                0.41092,                0.31151,                0.29968,                0.17126,                 1.3841,                  1.026,                0.95684,              0.0061885,              0.0061885,              0.0061885
                     79,                 1.4464,                 1.0781,                0.98116,                0.41427,                 0.3133,                 0.3029,                0.17324,                 1.3783,                 1.0247,                0.95389,               0.006139,               0.006139,               0.006139
                     80,                 1.4486,                 1.0783,                0.98118,                0.41343,                0.31158,                0.30161,                0.17318,                 1.3761,                  1.025,                0.95265,              0.0060895,              0.0060895,              0.0060895
                     81,                 1.4499,                  1.077,                0.98115,                0.40976,                0.31456,                0.30315,                0.17339,                 1.3745,                 1.0208,                0.95188,                0.00604,                0.00604,                0.00604
                     82,                 1.4407,                  1.074,                 0.9818,                0.41249,                0.31212,                0.30246,                0.17283,                 1.3764,                 1.0219,                0.95169,              0.0059905,              0.0059905,              0.0059905
                     83,                 1.4381,                 1.0697,                0.97672,                0.41253,                0.31609,                0.30537,                0.17448,                 1.3723,                 1.0185,                0.95052,               0.005941,               0.005941,               0.005941
                     84,                 1.4414,                 1.0723,                0.97815,                0.41197,                0.31106,                0.30562,                0.17506,                 1.3703,                 1.0157,                0.95006,              0.0058915,              0.0058915,              0.0058915
                     85,                 1.4378,                 1.0713,                0.97746,                 0.4143,                0.31386,                0.30439,                0.17488,                 1.3708,                 1.0155,                   0.95,               0.005842,               0.005842,               0.005842
                     86,                 1.4419,                 1.0687,                0.97599,                0.41597,                0.31636,                0.30576,                 0.1753,                 1.3679,                  1.013,                 0.9491,              0.0057925,              0.0057925,              0.0057925
                     87,                 1.4398,                 1.0648,                0.97598,                0.41189,                0.31683,                0.30567,                0.17507,                 1.3667,                 1.0122,                0.94839,               0.005743,               0.005743,               0.005743
                     88,                 1.4415,                 1.0671,                0.97607,                0.42177,                0.31576,                0.30751,                0.17575,                 1.3656,                 1.0115,                0.94808,              0.0056935,              0.0056935,              0.0056935
                     89,                 1.4221,                 1.0489,                0.97289,                0.42275,                0.31421,                0.30853,                0.17611,                 1.3642,                  1.009,                0.94704,               0.005644,               0.005644,               0.005644
                     90,                 1.4314,                 1.0582,                  0.972,                0.42452,                0.31405,                0.30891,                0.17681,                 1.3626,                 1.0075,                0.94653,              0.0055945,              0.0055945,              0.0055945
                     91,                 1.4262,                 1.0548,                  0.973,                 0.4287,                0.31501,                0.30865,                0.17671,                 1.3597,                 1.0051,                0.94631,               0.005545,               0.005545,               0.005545
                     92,                   1.43,                 1.0546,                0.97365,                0.42279,                0.31883,                0.30929,                0.17743,                 1.3581,                 1.0035,                0.94577,              0.0054955,              0.0054955,              0.0054955
                     93,                 1.4325,                 1.0548,                0.97303,                0.42471,                0.31828,                0.30988,                0.17838,                  1.358,                 1.0022,                0.94523,               0.005446,               0.005446,               0.005446
                     94,                 1.4202,                  1.044,                0.97182,                0.41526,                 0.3174,                0.30983,                0.17822,                 1.3568,                 1.0009,                 0.9442,              0.0053965,              0.0053965,              0.0053965
                     95,                 1.4229,                  1.047,                0.97286,                 0.4127,                0.31947,                0.31124,                0.17899,                 1.3564,                0.99974,                0.94428,               0.005347,               0.005347,               0.005347
                     96,                 1.4201,                 1.0471,                 0.9717,                0.40577,                 0.3254,                0.31076,                0.17846,                 1.3554,                 1.0005,                0.94433,              0.0052975,              0.0052975,              0.0052975
                     97,                 1.4272,                 1.0458,                0.97004,                 0.4111,                0.32185,                0.31029,                0.17851,                 1.3561,                0.99937,                0.94444,               0.005248,               0.005248,               0.005248
                     98,                 1.4193,                 1.0426,                0.96977,                0.41328,                0.32209,                0.31037,                0.17838,                 1.3544,                0.99928,                0.94393,              0.0051985,              0.0051985,              0.0051985
                     99,                 1.4215,                 1.0488,                0.96996,                0.41083,                0.32471,                0.31054,                0.17848,                  1.355,                0.99784,                0.94336,               0.005149,               0.005149,               0.005149
                    100,                 1.4209,                 1.0444,                 0.9682,                 0.4048,                0.32485,                0.31037,                0.17841,                 1.3547,                0.99653,                0.94317,              0.0050995,              0.0050995,              0.0050995
                    101,                 1.4155,                 1.0447,                0.96927,                 0.4172,                0.32351,                0.31137,                0.17853,                 1.3536,                0.99613,                0.94336,                0.00505,                0.00505,                0.00505
                    102,                 1.4131,                 1.0369,                0.96835,                 0.4173,                0.31899,                0.31079,                0.17928,                 1.3527,                 0.9941,                0.94308,              0.0050005,              0.0050005,              0.0050005
                    103,                 1.4203,                 1.0398,                 0.9683,                0.42051,                0.31976,                0.31183,                0.17989,                 1.3527,                0.99384,                 0.9434,               0.004951,               0.004951,               0.004951
                    104,                 1.4129,                 1.0338,                0.96692,                0.42349,                0.31829,                0.31321,                0.18073,                 1.3519,                0.99404,                0.94333,              0.0049015,              0.0049015,              0.0049015
                    105,                 1.4113,                 1.0358,                0.96957,                0.42041,                0.31861,                0.31295,                0.18042,                 1.3505,                0.99336,                0.94256,               0.004852,               0.004852,               0.004852
                    106,                 1.4065,                 1.0318,                0.96729,                0.41903,                0.31969,                 0.3128,                0.18006,                 1.3501,                0.99279,                0.94193,              0.0048025,              0.0048025,              0.0048025
                    107,                 1.4105,                 1.0313,                0.96324,                0.42392,                0.32121,                0.31283,                0.18017,                 1.3498,                0.99288,                0.94193,               0.004753,               0.004753,               0.004753
                    108,                 1.4097,                 1.0309,                0.96349,                 0.4218,                0.32062,                0.31292,                0.18033,                  1.348,                0.99187,                0.94177,              0.0047035,              0.0047035,              0.0047035
                    109,                 1.4031,                 1.0243,                0.96559,                0.42039,                0.32252,                0.31371,                0.18063,                 1.3472,                0.99193,                0.94162,               0.004654,               0.004654,               0.004654
                    110,                  1.409,                 1.0293,                0.96745,                0.42205,                0.32628,                 0.3144,                0.18067,                  1.346,                0.99037,                0.94154,              0.0046045,              0.0046045,              0.0046045
                    111,                 1.4105,                 1.0286,                0.96509,                0.42095,                0.32408,                0.31411,                0.18106,                 1.3459,                0.98911,                0.94118,               0.004555,               0.004555,               0.004555
                    112,                  1.398,                 1.0255,                0.96664,                0.42169,                0.32427,                0.31423,                0.18107,                 1.3456,                 0.9888,                0.94105,              0.0045055,              0.0045055,              0.0045055
                    113,                 1.4029,                 1.0242,                0.96529,                0.42318,                0.32518,                0.31562,                0.18162,                 1.3447,                0.98879,                0.94072,               0.004456,               0.004456,               0.004456
                    114,                 1.4033,                 1.0265,                0.96491,                0.43043,                0.32271,                 0.3162,                 0.1822,                 1.3446,                0.98802,                0.94079,              0.0044065,              0.0044065,              0.0044065
                    115,                 1.4008,                 1.0197,                0.96313,                 0.4266,                0.32384,                0.31598,                0.18212,                  1.344,                0.98683,                0.94062,               0.004357,               0.004357,               0.004357
                    116,                 1.3919,                 1.0096,                0.96162,                0.42568,                0.32394,                0.31653,                0.18201,                 1.3433,                0.98564,                0.94011,              0.0043075,              0.0043075,              0.0043075
                    117,                 1.3927,                 1.0145,                0.96139,                0.42473,                0.32489,                0.31631,                0.18204,                  1.343,                0.98532,                 0.9398,               0.004258,               0.004258,               0.004258
                    118,                 1.3961,                 1.0136,                0.95949,                0.42697,                0.32197,                0.31631,                 0.1822,                  1.342,                0.98482,                0.93947,              0.0042085,              0.0042085,              0.0042085
                    119,                  1.397,                 1.0167,                  0.964,                0.42932,                0.32203,                0.31596,                0.18234,                 1.3423,                0.98386,                0.93929,               0.004159,               0.004159,               0.004159
                    120,                 1.3961,                 1.0108,                0.96314,                0.43249,                0.32173,                0.31604,                0.18228,                 1.3418,                0.98339,                0.93924,              0.0041095,              0.0041095,              0.0041095
                    121,                 1.4012,                 1.0167,                0.96494,                0.43062,                0.32503,                0.31665,                 0.1824,                 1.3414,                0.98313,                0.93913,                0.00406,                0.00406,                0.00406
                    122,                 1.3989,                 1.0151,                0.96295,                0.43099,                0.32595,                0.31721,                0.18256,                 1.3417,                0.98198,                0.93907,              0.0040105,              0.0040105,              0.0040105
                    123,                 1.3902,                 1.0104,                0.95884,                0.43223,                0.32635,                0.31765,                0.18296,                 1.3417,                0.98186,                0.93904,               0.003961,               0.003961,               0.003961
                    124,                 1.3913,                 1.0061,                0.96001,                0.43055,                0.32606,                0.31737,                0.18282,                 1.3412,                0.98129,                0.93897,              0.0039115,              0.0039115,              0.0039115
                    125,                 1.3895,                 1.0095,                0.96032,                0.43243,                0.32508,                0.31745,                0.18271,                 1.3407,                0.98163,                0.93877,               0.003862,               0.003862,               0.003862
                    126,                 1.3925,                  1.007,                0.95966,                0.42906,                0.32701,                0.31815,                 0.1832,                 1.3407,                0.98169,                0.93862,              0.0038125,              0.0038125,              0.0038125
                    127,                 1.3866,                 1.0085,                0.95986,                0.43099,                0.32656,                0.31856,                0.18327,                 1.3401,                0.98124,                0.93852,               0.003763,               0.003763,               0.003763
                    128,                 1.3928,                 1.0054,                0.95844,                0.42861,                 0.3271,                0.31861,                 0.1837,                 1.3398,                0.98107,                0.93836,              0.0037135,              0.0037135,              0.0037135
                    129,                 1.3835,                 0.9971,                0.95847,                0.42775,                 0.3273,                0.31922,                0.18386,                 1.3394,                0.98042,                0.93821,               0.003664,               0.003664,               0.003664
                    130,                 1.3826,                 1.0015,                0.96132,                0.43474,                0.32597,                 0.3201,                0.18415,                 1.3388,                0.98024,                0.93814,              0.0036145,              0.0036145,              0.0036145
                    131,                 1.3798,                0.99726,                0.95803,                0.43591,                0.32652,                0.32009,                0.18457,                 1.3383,                0.97959,                  0.938,               0.003565,               0.003565,               0.003565
                    132,                 1.3804,                0.99716,                0.95756,                0.43588,                0.32546,                0.31964,                0.18431,                 1.3383,                0.97955,                0.93812,              0.0035155,              0.0035155,              0.0035155
                    133,                 1.3845,                 1.0023,                0.95825,                0.43647,                0.32569,                   0.32,                0.18424,                 1.3383,                0.97959,                0.93809,               0.003466,               0.003466,               0.003466
                    134,                 1.3889,                0.99606,                0.95724,                0.43463,                 0.3263,                0.31978,                0.18437,                 1.3378,                0.97878,                0.93802,              0.0034165,              0.0034165,              0.0034165
                    135,                 1.3781,                0.99255,                 0.9564,                0.43691,                 0.3237,                0.31951,                 0.1846,                 1.3371,                0.97788,                0.93786,               0.003367,               0.003367,               0.003367
                    136,                 1.3805,                0.99142,                0.95604,                0.43628,                  0.326,                0.32096,                0.18504,                 1.3365,                0.97742,                0.93773,              0.0033175,              0.0033175,              0.0033175
                    137,                 1.3766,                0.99451,                0.95879,                0.43549,                0.32663,                0.32102,                0.18527,                 1.3365,                0.97738,                0.93793,               0.003268,               0.003268,               0.003268
                    138,                 1.3757,                0.98786,                0.95537,                0.43374,                0.32653,                 0.3206,                0.18507,                 1.3367,                0.97774,                0.93818,              0.0032185,              0.0032185,              0.0032185
                    139,                 1.3799,                0.98984,                0.95656,                0.43394,                0.32643,                0.32053,                0.18505,                 1.3367,                0.97754,                0.93818,               0.003169,               0.003169,               0.003169
                    140,                 1.3711,                0.98741,                0.95554,                0.43495,                0.32566,                0.32027,                0.18502,                 1.3366,                  0.977,                0.93793,              0.0031195,              0.0031195,              0.0031195
                    141,                 1.3676,                0.98439,                0.95421,                0.43269,                0.32454,                0.32031,                0.18489,                 1.3366,                0.97668,                0.93778,                0.00307,                0.00307,                0.00307
                    142,                 1.3705,                 0.9822,                0.95503,                0.43525,                0.32479,                0.32051,                0.18505,                 1.3367,                0.97624,                 0.9377,              0.0030205,              0.0030205,              0.0030205
                    143,                 1.3792,                0.98797,                0.95487,                0.43428,                0.32561,                0.32066,                0.18506,                 1.3362,                0.97615,                0.93747,               0.002971,               0.002971,               0.002971
                    144,                 1.3733,                0.98446,                0.95462,                0.43577,                0.32433,                0.32055,                 0.1852,                  1.336,                0.97578,                0.93737,              0.0029215,              0.0029215,              0.0029215
                    145,                   1.37,                0.98435,                0.95263,                0.43282,                0.32544,                0.32071,                0.18529,                 1.3357,                0.97591,                0.93736,               0.002872,               0.002872,               0.002872
                    146,                 1.3688,                0.98222,                0.95685,                0.43541,                0.32398,                0.32093,                0.18519,                 1.3364,                0.97588,                0.93753,              0.0028225,              0.0028225,              0.0028225
                    147,                 1.3695,                 0.9799,                0.95322,                0.43568,                0.32434,                0.32098,                0.18538,                 1.3363,                0.97538,                0.93756,               0.002773,               0.002773,               0.002773
                    148,                  1.365,                0.97533,                0.95588,                0.43462,                 0.3255,                0.32096,                0.18544,                  1.336,                0.97501,                0.93752,              0.0027235,              0.0027235,              0.0027235
                    149,                 1.3626,                0.97335,                0.95404,                0.43393,                 0.3249,                0.32133,                0.18545,                 1.3359,                0.97432,                0.93742,               0.002674,               0.002674,               0.002674
                    150,                 1.3635,                0.97538,                0.95466,                0.43394,                0.32528,                0.32148,                0.18544,                 1.3358,                0.97406,                0.93743,              0.0026245,              0.0026245,              0.0026245
                    151,                 1.3603,                0.97265,                0.95301,                0.43341,                0.32542,                0.32152,                0.18565,                 1.3357,                0.97363,                0.93729,               0.002575,               0.002575,               0.002575
                    152,                 1.3561,                0.97076,                0.95393,                0.43435,                0.32618,                0.32164,                0.18567,                 1.3354,                0.97339,                0.93719,              0.0025255,              0.0025255,              0.0025255
                    153,                 1.3685,                0.97402,                0.95307,                 0.4354,                0.32718,                0.32217,                0.18597,                 1.3351,                0.97285,                0.93713,               0.002476,               0.002476,               0.002476
                    154,                 1.3567,                0.96724,                 0.9499,                0.43439,                0.32881,                0.32248,                0.18597,                 1.3353,                0.97267,                0.93713,              0.0024265,              0.0024265,              0.0024265
                    155,                 1.3607,                0.96929,                0.95227,                0.43394,                0.32865,                0.32252,                0.18614,                 1.3353,                0.97267,                0.93721,               0.002377,               0.002377,               0.002377
                    156,                 1.3578,                0.97105,                0.95334,                 0.4337,                0.32841,                0.32267,                 0.1862,                 1.3351,                0.97226,                0.93711,              0.0023275,              0.0023275,              0.0023275
                    157,                 1.3632,                0.97078,                0.95174,                 0.4364,                0.32752,                0.32279,                0.18619,                 1.3353,                0.97251,                0.93704,               0.002278,               0.002278,               0.002278
                    158,                 1.3605,                0.96958,                0.94908,                0.43385,                0.32834,                0.32269,                0.18615,                  1.335,                0.97203,                0.93701,              0.0022285,              0.0022285,              0.0022285
                    159,                 1.3517,                 0.9643,                0.95031,                0.43433,                0.32806,                0.32281,                0.18624,                 1.3351,                0.97198,                0.93697,               0.002179,               0.002179,               0.002179
                    160,                 1.3531,                0.96543,                0.95439,                0.43485,                0.32726,                  0.323,                 0.1862,                 1.3351,                0.97195,                0.93702,              0.0021295,              0.0021295,              0.0021295
                    161,                   1.36,                0.96671,                0.95185,                0.43303,                0.32782,                0.32329,                0.18641,                 1.3349,                0.97177,                0.93701,                0.00208,                0.00208,                0.00208
                    162,                 1.3583,                0.96638,                0.94917,                0.43178,                0.32857,                0.32328,                0.18637,                 1.3346,                0.97155,                0.93707,              0.0020305,              0.0020305,              0.0020305
                    163,                 1.3605,                0.96516,                 0.9502,                0.43204,                0.32826,                0.32314,                0.18654,                 1.3345,                0.97127,                0.93695,               0.001981,               0.001981,               0.001981
                    164,                 1.3545,                0.96031,                0.94847,                0.43307,                0.32798,                0.32347,                0.18659,                 1.3345,                0.97136,                0.93686,              0.0019315,              0.0019315,              0.0019315
                    165,                  1.352,                0.96057,                0.95011,                 0.4328,                0.32871,                0.32337,                0.18663,                 1.3342,                0.97147,                0.93691,               0.001882,               0.001882,               0.001882
                    166,                 1.3513,                0.95577,                0.94899,                0.43331,                 0.3289,                0.32351,                0.18672,                 1.3344,                0.97115,                 0.9369,              0.0018325,              0.0018325,              0.0018325
                    167,                 1.3514,                0.95595,                0.95031,                0.43398,                0.32826,                0.32344,                0.18672,                 1.3343,                0.97093,                0.93686,               0.001783,               0.001783,               0.001783
                    168,                 1.3537,                0.95555,                0.95127,                0.43367,                0.32826,                0.32353,                0.18671,                 1.3342,                0.97083,                0.93681,              0.0017335,              0.0017335,              0.0017335
                    169,                 1.3526,                0.95701,                 0.9488,                0.43409,                0.32828,                0.32346,                0.18668,                 1.3341,                0.97053,                0.93674,               0.001684,               0.001684,               0.001684
                    170,                 1.3595,                0.95835,                  0.951,                0.43338,                0.32816,                0.32351,                 0.1868,                 1.3343,                0.97042,                0.93671,              0.0016345,              0.0016345,              0.0016345
                    171,                 1.3539,                0.95288,                0.94867,                0.43133,                0.32954,                0.32358,                0.18683,                 1.3339,                0.97035,                0.93674,               0.001585,               0.001585,               0.001585
                    172,                 1.3465,                0.95114,                0.94683,                0.43157,                0.32941,                0.32348,                0.18695,                 1.3339,                0.97045,                0.93668,              0.0015355,              0.0015355,              0.0015355
                    173,                 1.3489,                0.95358,                 0.9495,                0.43436,                0.32925,                0.32374,                0.18707,                 1.3339,                0.97024,                0.93662,               0.001486,               0.001486,               0.001486
                    174,                 1.3443,                0.94939,                0.94843,                0.43454,                0.32678,                0.32376,                0.18717,                 1.3338,                0.97037,                0.93665,              0.0014365,              0.0014365,              0.0014365
                    175,                 1.3447,                0.94897,                0.94636,                 0.4326,                 0.3275,                0.32365,                0.18706,                 1.3336,                0.97006,                0.93666,               0.001387,               0.001387,               0.001387
                    176,                 1.3457,                0.94582,                0.94717,                0.43409,                0.32839,                0.32389,                0.18722,                 1.3341,                0.97048,                0.93678,              0.0013375,              0.0013375,              0.0013375
                    177,                 1.3466,                0.94942,                0.94614,                0.43341,                0.32904,                0.32392,                0.18732,                 1.3338,                0.97023,                0.93678,               0.001288,               0.001288,               0.001288
                    178,                 1.3489,                0.94959,                0.94595,                0.43205,                0.32846,                0.32395,                0.18731,                 1.3338,                0.97012,                0.93686,              0.0012385,              0.0012385,              0.0012385
                    179,                 1.3374,                0.94115,                0.94773,                0.43245,                0.32879,                0.32384,                0.18747,                 1.3341,                0.97022,                 0.9369,               0.001189,               0.001189,               0.001189
                    180,                 1.3413,                0.94826,                0.94581,                0.43285,                0.32829,                0.32405,                0.18756,                 1.3342,                0.96975,                0.93682,              0.0011395,              0.0011395,              0.0011395
                    181,                 1.3362,                0.93965,                0.94376,                0.43191,                0.32862,                0.32408,                0.18764,                  1.334,                0.97011,                0.93686,                0.00109,                0.00109,                0.00109
                    182,                 1.3382,                0.94229,                0.94625,                0.43352,                0.32883,                0.32439,                0.18772,                 1.3341,                0.96988,                0.93687,              0.0010405,              0.0010405,              0.0010405
                    183,                 1.3352,                0.93706,                0.94266,                0.43327,                0.32952,                0.32458,                0.18749,                 1.3339,                0.96955,                0.93677,               0.000991,               0.000991,               0.000991
                    184,                  1.337,                0.94158,                0.94434,                0.43353,                0.33029,                0.32468,                0.18768,                 1.3341,                0.96973,                 0.9368,              0.0009415,              0.0009415,              0.0009415
                    185,                 1.3434,                0.94021,                0.94597,                0.43365,                0.33014,                0.32485,                0.18777,                  1.334,                0.96982,                 0.9368,               0.000892,               0.000892,               0.000892
                    186,                 1.3413,                0.93961,                0.94483,                0.43355,                0.33009,                0.32487,                0.18786,                 1.3341,                0.96968,                0.93681,              0.0008425,              0.0008425,              0.0008425
                    187,                 1.3345,                0.93494,                0.94444,                0.43307,                0.32993,                0.32492,                  0.188,                 1.3342,                0.96969,                0.93681,               0.000793,               0.000793,               0.000793
                    188,                 1.3409,                0.93674,                0.94133,                0.43287,                0.33013,                0.32485,                0.18792,                 1.3342,                 0.9695,                 0.9368,              0.0007435,              0.0007435,              0.0007435
                    189,                 1.3316,                0.92946,                0.94216,                0.43084,                0.33056,                0.32485,                 0.1879,                 1.3343,                0.96946,                0.93684,               0.000694,               0.000694,               0.000694
                    190,                 1.3296,                0.93081,                0.94245,                0.43285,                0.33013,                 0.3251,                0.18798,                 1.3342,                0.96943,                 0.9369,              0.0006445,              0.0006445,              0.0006445
                    191,                 1.3184,                0.91644,                0.95127,                0.43383,                0.33028,                0.32525,                0.18801,                 1.3342,                0.96937,                0.93685,               0.000595,               0.000595,               0.000595
                    192,                 1.3053,                0.89801,                  0.947,                0.43469,                0.33058,                0.32541,                0.18808,                 1.3343,                0.96946,                0.93685,              0.0005455,              0.0005455,              0.0005455
                    193,                 1.2988,                 0.8943,                0.94648,                0.43578,                0.33075,                0.32561,                0.18821,                 1.3347,                0.96957,                  0.937,               0.000496,               0.000496,               0.000496
                    194,                 1.2983,                 0.8917,                0.94683,                0.43525,                0.33075,                0.32563,                0.18824,                 1.3346,                 0.9695,                0.93706,              0.0004465,              0.0004465,              0.0004465
                    195,                 1.2977,                0.88998,                0.94525,                0.43515,                0.33102,                0.32546,                0.18818,                 1.3348,                0.96975,                0.93713,               0.000397,               0.000397,               0.000397
                    196,                 1.2973,                0.89041,                0.94525,                0.43528,                 0.3312,                0.32554,                0.18814,                 1.3348,                0.96953,                0.93705,              0.0003475,              0.0003475,              0.0003475
                    197,                 1.2997,                  0.889,                0.94438,                0.43546,                 0.3314,                 0.3256,                0.18811,                 1.3349,                0.96991,                 0.9371,               0.000298,               0.000298,               0.000298
                    198,                 1.2918,                0.88428,                0.94461,                0.43883,                0.33074,                0.32601,                0.18821,                 1.3347,                0.96971,                 0.9371,              0.0002485,              0.0002485,              0.0002485
                    199,                  1.295,                0.88268,                0.94293,                 0.4365,                0.33115,                0.32619,                0.18829,                 1.3349,                0.96993,                0.93706,               0.000199,               0.000199,               0.000199
                    200,                 1.2925,                0.88302,                0.94472,                0.43818,                0.33136,                0.32637,                0.18832,                 1.3348,                0.97006,                 0.9371,              0.0001495,              0.0001495,              0.0001495
