                  epoch,           train/box_om,           train/cls_om,           train/dfl_om,           train/box_oo,           train/cls_oo,           train/dfl_oo,   metrics/precision(B),      metrics/recall(B),       metrics/mAP50(B),    metrics/mAP50-95(B),             val/box_om,             val/cls_om,             val/dfl_om,             val/box_oo,             val/cls_oo,             val/dfl_oo,                 lr/pg0,                 lr/pg1,                 lr/pg2
                      1,                 4.1788,                 5.5645,                 4.0703,                 4.0097,                 7.6646,                 3.8058,                0.00144,                0.04185,                0.00089,                 0.0002,                 3.7849,                 4.9217,                 3.4821,                 3.4043,                 5.4719,                 2.9436,                0.07009,              0.0033233,              0.0033233
                      2,                  3.635,                 4.3662,                 2.9536,                 3.3654,                 4.6695,                 2.3666,                0.00376,                0.03571,                 0.0028,                0.00098,                 3.3082,                 11.115,                 2.5777,                 2.9184,                 12.732,                 2.2221,               0.040057,              0.0066237,              0.0066237
                      3,                 3.1111,                 3.7119,                 2.3403,                 2.9009,                 3.9313,                 1.9403,                0.04757,                0.05603,                0.01685,                0.00463,                 3.0028,                  6.896,                 2.3141,                 2.8208,                 6.9226,                 2.0714,              0.0099915,              0.0098911,              0.0098911
                      4,                 2.7851,                 3.2914,                 2.0184,                 2.6666,                 3.5763,                 1.7042,                0.52708,                0.08008,                0.02648,                0.00893,                 2.8838,                 3.6263,                 2.1331,                 2.5409,                 4.0613,                 1.8113,              0.0098515,              0.0098515,              0.0098515
                      5,                 2.4982,                 2.9116,                   1.82,                 2.4228,                 3.2345,                 1.5429,                0.65387,                0.09791,                 0.0758,                0.03327,                 2.4001,                 3.0399,                 1.9304,                 2.2258,                 3.4224,                 1.6772,              0.0098515,              0.0098515,              0.0098515
                      6,                 2.3365,                 2.6325,                 1.7177,                  2.314,                 3.0415,                 1.4881,                 0.6183,                0.14639,                0.11776,                0.05622,                 2.1883,                 2.5983,                 1.7544,                 2.0462,                 2.9806,                 1.5427,               0.009802,               0.009802,               0.009802
                      7,                 2.2038,                 2.3973,                 1.6111,                 2.2157,                 2.8201,                 1.4128,                0.56252,                0.16221,                0.12488,                0.06011,                 2.1789,                 2.5529,                 1.7134,                 2.0362,                 2.9993,                 1.5145,              0.0097525,              0.0097525,              0.0097525
                      8,                 2.0972,                 2.1681,                 1.5348,                 2.1432,                 2.5813,                  1.367,                0.62296,                0.18996,                0.14602,                0.07019,                 1.9755,                 2.2393,                 1.6171,                 1.9306,                 2.7109,                 1.4536,               0.009703,               0.009703,               0.009703
                      9,                 2.0631,                 2.1634,                 1.5316,                 2.1225,                 2.5917,                 1.3609,                0.66421,                0.17967,                0.15378,                0.07718,                 1.9697,                 2.2391,                  1.619,                 1.8792,                 2.6759,                  1.426,              0.0096535,              0.0096535,              0.0096535
                     10,                  1.979,                 1.9844,                 1.4678,                 2.0527,                 2.3811,                 1.3149,                0.60547,                0.20076,                0.18935,                0.09413,                 1.9546,                 2.0371,                 1.5672,                 1.9328,                  2.414,                 1.4363,               0.009604,               0.009604,               0.009604
                     11,                 1.9361,                 1.9113,                 1.4378,                 2.0363,                 2.3265,                 1.2974,                 0.6717,                0.22631,                0.21667,                0.11574,                 1.8565,                 1.9603,                 1.4966,                 1.8192,                 2.4059,                   1.37,              0.0095545,              0.0095545,              0.0095545
                     12,                 1.9066,                 1.8266,                 1.4149,                 2.0071,                 2.2078,                 1.2864,                0.55873,                0.22046,                0.22156,                  0.115,                 1.8726,                 1.9712,                 1.5436,                 1.8559,                 2.3352,                 1.4107,               0.009505,               0.009505,               0.009505
                     13,                 1.8639,                 1.7776,                  1.387,                 1.9736,                  2.174,                 1.2741,                0.69224,                0.24944,                0.26405,                0.14542,                 1.7796,                 1.7709,                 1.4567,                 1.7861,                 2.1103,                 1.3531,              0.0094555,              0.0094555,              0.0094555
                     14,                 1.8427,                 1.7611,                 1.3955,                 1.9624,                 2.1359,                 1.2764,                0.61123,                0.25819,                0.26585,                0.14685,                 1.7408,                 1.8085,                 1.4456,                 1.7611,                 2.2155,                 1.3439,               0.009406,               0.009406,               0.009406
                     15,                 1.8085,                 1.7057,                 1.3767,                 1.9288,                 2.0932,                 1.2624,                0.72272,                0.24782,                0.28957,                0.16292,                 1.7668,                 1.7645,                 1.4472,                 1.7478,                 2.1609,                 1.3264,              0.0093565,              0.0093565,              0.0093565
                     16,                 1.7813,                 1.6287,                 1.3485,                 1.9216,                 1.9931,                 1.2352,                0.67005,                0.27619,                0.28398,                0.15273,                 1.7325,                 1.7677,                 1.4373,                 1.7559,                 2.0953,                 1.3289,               0.009307,               0.009307,               0.009307
                     17,                 1.7435,                 1.6125,                 1.3373,                 1.8923,                 1.9839,                 1.2363,                0.66197,                0.26356,                0.29195,                0.15602,                  1.815,                 1.7371,                  1.479,                 1.8203,                 2.0372,                 1.3681,              0.0092575,              0.0092575,              0.0092575
                     18,                 1.7385,                 1.5778,                 1.3421,                   1.88,                 1.9282,                 1.2387,                0.66019,                0.31748,                0.31782,                0.17691,                 1.6478,                  1.564,                 1.3905,                 1.6964,                 1.8857,                 1.3092,               0.009208,               0.009208,               0.009208
                     19,                  1.717,                 1.5619,                 1.3194,                 1.8681,                 1.8955,                  1.223,                0.55765,                 0.3084,                0.30511,                0.16698,                 1.6941,                 1.6423,                 1.4096,                 1.7327,                 1.9388,                 1.3191,              0.0091585,              0.0091585,              0.0091585
                     20,                 1.7098,                 1.5107,                 1.2938,                 1.8677,                 1.8371,                 1.1969,                 0.6372,                0.31402,                0.33734,                0.18944,                 1.6269,                 1.5078,                 1.3644,                 1.6814,                 1.8025,                 1.2884,               0.009109,               0.009109,               0.009109
                     21,                 1.6631,                 1.4932,                 1.2925,                 1.8126,                 1.8049,                 1.2008,                0.52842,                0.33526,                0.35428,                0.20283,                 1.5981,                 1.5216,                  1.358,                 1.6599,                 1.8566,                 1.2822,              0.0090595,              0.0090595,              0.0090595
                     22,                 1.6602,                 1.5029,                 1.2834,                 1.8325,                  1.832,                 1.2023,                 0.5927,                0.32919,                0.34033,                0.19927,                 1.6205,                 1.4731,                 1.3676,                 1.6893,                 1.7329,                 1.2979,                0.00901,                0.00901,                0.00901
                     23,                 1.6396,                 1.4326,                 1.2717,                 1.8211,                 1.7411,                 1.1888,                0.58929,                0.32025,                0.36124,                0.21355,                 1.5964,                 1.4256,                 1.3593,                 1.6574,                 1.6686,                 1.2867,              0.0089605,              0.0089605,              0.0089605
                     24,                 1.6155,                 1.4144,                  1.262,                 1.7772,                 1.7018,                 1.1829,                0.60003,                0.35478,                0.37207,                0.21654,                  1.581,                  1.397,                 1.3282,                 1.6336,                 1.7012,                  1.259,               0.008911,               0.008911,               0.008911
                     25,                 1.6247,                 1.4277,                 1.2757,                 1.8011,                 1.7438,                 1.1974,                0.47424,                0.36734,                0.36269,                0.21681,                 1.5834,                 1.3868,                 1.3464,                 1.6575,                  1.612,                  1.282,              0.0088615,              0.0088615,              0.0088615
                     26,                 1.6021,                 1.3927,                 1.2611,                 1.7738,                 1.7102,                 1.1873,                0.53342,                0.38252,                 0.3781,                0.22253,                 1.5728,                 1.3463,                 1.3295,                 1.6337,                 1.5563,                 1.2627,               0.008812,               0.008812,               0.008812
                     27,                 1.6151,                 1.3948,                 1.2614,                 1.7886,                 1.7031,                 1.1884,                0.56827,                0.35673,                0.37691,                0.22689,                 1.5662,                 1.3909,                 1.3288,                  1.641,                 1.6729,                 1.2625,              0.0087625,              0.0087625,              0.0087625
                     28,                 1.5866,                 1.3452,                  1.235,                 1.7738,                 1.6318,                 1.1619,                0.53516,                 0.3655,                0.38599,                0.22793,                 1.5614,                 1.3285,                  1.323,                 1.6337,                 1.5476,                 1.2599,               0.008713,               0.008713,               0.008713
                     29,                 1.5773,                  1.364,                 1.2445,                 1.7741,                 1.6637,                 1.1741,                0.47804,                0.38588,                0.39792,                0.23583,                 1.5317,                 1.2733,                 1.3155,                 1.6239,                 1.5205,                 1.2605,              0.0086635,              0.0086635,              0.0086635
                     30,                 1.5473,                 1.3203,                 1.2244,                 1.7237,                 1.6023,                 1.1541,                0.50103,                 0.3805,                0.39239,                0.22988,                 1.5357,                 1.3489,                 1.3074,                 1.6313,                 1.5607,                 1.2558,               0.008614,               0.008614,               0.008614
                     31,                  1.556,                 1.3195,                  1.228,                 1.7363,                 1.5963,                 1.1607,                0.61758,                0.37869,                  0.396,                0.23893,                 1.5232,                 1.2837,                 1.2953,                 1.6094,                 1.5026,                 1.2466,              0.0085645,              0.0085645,              0.0085645
                     32,                 1.5263,                 1.2764,                 1.2151,                   1.72,                 1.5583,                 1.1571,                0.53948,                 0.3803,                0.39626,                0.23988,                 1.5175,                 1.3015,                 1.2993,                 1.6178,                 1.5571,                 1.2529,               0.008515,               0.008515,               0.008515
                     33,                 1.5416,                 1.2953,                 1.2224,                 1.7371,                 1.5781,                  1.158,                0.46914,                0.39804,                0.40785,                0.24553,                 1.5023,                 1.2467,                 1.2966,                 1.5929,                  1.484,                 1.2446,              0.0084655,              0.0084655,              0.0084655
                     34,                 1.5163,                 1.2426,                 1.2122,                 1.7217,                 1.5267,                 1.1513,                0.58924,                0.37798,                0.39651,                0.23877,                 1.4871,                 1.3543,                 1.2765,                 1.5773,                 1.6658,                 1.2274,               0.008416,               0.008416,               0.008416
                     35,                 1.5336,                 1.2902,                 1.2148,                 1.7228,                 1.5565,                 1.1479,                0.62001,                0.38761,                0.41756,                0.25035,                 1.5102,                 1.2947,                 1.2888,                 1.6059,                 1.6064,                 1.2454,              0.0083665,              0.0083665,              0.0083665
                     36,                 1.5176,                 1.2455,                 1.1988,                 1.7059,                 1.5084,                 1.1371,                0.55042,                0.39084,                0.41233,                0.24365,                 1.5097,                 1.2867,                 1.2852,                 1.6125,                 1.5966,                 1.2483,               0.008317,               0.008317,               0.008317
                     37,                 1.5023,                 1.2475,                 1.2163,                 1.6952,                 1.5221,                 1.1572,                0.49249,                0.41711,                0.42151,                0.25179,                 1.4978,                 1.2205,                 1.2804,                 1.5976,                  1.464,                 1.2403,              0.0082675,              0.0082675,              0.0082675
                     38,                 1.4964,                 1.2244,                  1.189,                 1.6889,                 1.4736,                 1.1316,                0.56352,                0.41047,                0.42645,                0.25951,                 1.4813,                 1.2048,                 1.2757,                 1.5739,                  1.406,                 1.2288,               0.008218,               0.008218,               0.008218
                     39,                  1.489,                 1.2337,                 1.1896,                 1.6972,                 1.4748,                 1.1291,                0.56962,                0.40441,                0.42447,                0.25839,                 1.4952,                  1.218,                  1.284,                 1.5972,                 1.4209,                 1.2388,              0.0081685,              0.0081685,              0.0081685
                     40,                 1.4835,                 1.2043,                  1.188,                 1.6722,                 1.4527,                 1.1325,                0.55784,                0.41835,                0.43335,                 0.2618,                 1.4842,                 1.2295,                 1.2671,                 1.5887,                  1.495,                 1.2262,               0.008119,               0.008119,               0.008119
                     41,                 1.4875,                 1.2131,                 1.1892,                 1.6869,                 1.4722,                 1.1301,                0.66518,                0.38977,                 0.4365,                0.26324,                 1.4624,                 1.1841,                 1.2617,                 1.5718,                 1.4269,                 1.2222,              0.0080695,              0.0080695,              0.0080695
                     42,                 1.4613,                  1.189,                 1.1793,                 1.6528,                 1.4205,                 1.1223,                 0.6168,                0.42853,                0.45283,                0.27282,                 1.4695,                 1.1564,                 1.2622,                 1.5764,                 1.3487,                 1.2241,                0.00802,                0.00802,                0.00802
                     43,                  1.467,                 1.1704,                 1.1754,                 1.6656,                 1.4072,                 1.1205,                0.63829,                0.41922,                0.45761,                0.27822,                  1.452,                 1.1585,                 1.2549,                 1.5672,                 1.3718,                 1.2182,              0.0079705,              0.0079705,              0.0079705
                     44,                 1.4588,                 1.2163,                 1.1815,                 1.6613,                 1.4452,                 1.1275,                0.62614,                0.41536,                0.44822,                0.27326,                 1.4518,                 1.1878,                 1.2529,                  1.561,                 1.3821,                 1.2192,               0.007921,               0.007921,               0.007921
                     45,                 1.4508,                 1.1787,                 1.1756,                 1.6484,                  1.432,                 1.1227,                0.60362,                0.43477,                 0.4573,                0.27628,                 1.4631,                 1.1735,                 1.2647,                 1.5676,                  1.404,                 1.2229,              0.0078715,              0.0078715,              0.0078715
                     46,                 1.4496,                 1.1518,                 1.1687,                 1.6563,                 1.3967,                 1.1153,                0.61513,                0.44067,                 0.4645,                0.28148,                 1.4443,                  1.173,                 1.2521,                 1.5606,                 1.3996,                 1.2188,               0.007822,               0.007822,               0.007822
                     47,                 1.4356,                 1.1435,                 1.1653,                 1.6341,                 1.3747,                 1.1112,                0.61367,                0.43064,                0.45746,                0.27584,                 1.4342,                 1.1268,                 1.2458,                 1.5548,                 1.3435,                 1.2155,              0.0077725,              0.0077725,              0.0077725
                     48,                 1.4339,                 1.1259,                 1.1557,                 1.6342,                 1.3509,                 1.1032,                 0.6043,                0.43608,                0.46106,                0.28289,                 1.4237,                 1.1407,                 1.2376,                 1.5375,                  1.343,                 1.2042,               0.007723,               0.007723,               0.007723
                     49,                 1.4363,                 1.1223,                 1.1504,                 1.6306,                 1.3395,                 1.0985,                0.62492,                0.43871,                0.46148,                0.28518,                 1.4305,                 1.1471,                 1.2372,                 1.5523,                 1.3644,                 1.2073,              0.0076735,              0.0076735,              0.0076735
                     50,                  1.405,                 1.1139,                 1.1597,                 1.6151,                 1.3677,                 1.1132,                0.59252,                0.44051,                0.45185,                0.27765,                 1.4237,                  1.153,                 1.2361,                 1.5482,                 1.3742,                 1.2101,               0.007624,               0.007624,               0.007624
                     51,                 1.3975,                 1.1101,                 1.1563,                 1.5962,                 1.3448,                 1.1066,                0.60805,                0.44343,                0.46263,                0.28608,                  1.422,                 1.1346,                 1.2334,                   1.54,                 1.3475,                 1.2044,              0.0075745,              0.0075745,              0.0075745
                     52,                  1.425,                 1.1092,                 1.1498,                 1.6287,                 1.3349,                  1.097,                0.61431,                0.43532,                0.47808,                0.29011,                 1.4337,                 1.1337,                 1.2406,                 1.5464,                  1.367,                 1.2038,               0.007525,               0.007525,               0.007525
                     53,                 1.3906,                  1.089,                 1.1443,                  1.601,                 1.3037,                 1.0983,                0.58202,                0.43507,                0.46511,                0.28659,                 1.4131,                 1.1285,                 1.2348,                 1.5342,                 1.3328,                 1.2023,              0.0074755,              0.0074755,              0.0074755
                     54,                 1.3953,                 1.0826,                 1.1385,                 1.5973,                 1.3028,                 1.0924,                0.69729,                0.44618,                0.48838,                0.29859,                 1.4128,                 1.0858,                 1.2331,                 1.5354,                 1.2708,                 1.2045,               0.007426,               0.007426,               0.007426
                     55,                 1.3935,                 1.0887,                 1.1454,                 1.5994,                 1.3004,                 1.1004,                0.57628,                0.43788,                0.48004,                0.29723,                 1.4132,                 1.0816,                 1.2277,                 1.5327,                 1.2692,                 1.1981,              0.0073765,              0.0073765,              0.0073765
                     56,                 1.3903,                 1.0783,                  1.135,                 1.6039,                 1.3085,                 1.0891,                0.66391,                0.46072,                0.49127,                0.29938,                 1.4124,                 1.0931,                 1.2278,                 1.5305,                 1.2855,                 1.2023,               0.007327,               0.007327,               0.007327
                     57,                 1.3856,                 1.0719,                 1.1386,                  1.591,                 1.2911,                 1.0954,                0.63788,                 0.4551,                0.49144,                0.30503,                 1.4094,                 1.0963,                 1.2254,                 1.5294,                 1.2861,                 1.1993,              0.0072775,              0.0072775,              0.0072775
                     58,                 1.3914,                 1.0948,                 1.1429,                 1.6123,                 1.3369,                 1.0968,                0.67066,                0.46335,                0.49565,                0.30712,                 1.3892,                   1.06,                 1.2118,                 1.5179,                 1.2442,                 1.1863,               0.007228,               0.007228,               0.007228
                     59,                 1.3869,                 1.0716,                 1.1239,                 1.5987,                 1.2765,                 1.0817,                0.64353,                0.45975,                0.49905,                0.31168,                 1.3871,                 1.0577,                 1.2142,                 1.5128,                 1.2576,                   1.19,              0.0071785,              0.0071785,              0.0071785
                     60,                 1.3636,                 1.0468,                 1.1293,                 1.5758,                 1.2492,                 1.0847,                0.56366,                0.45835,                0.49012,                0.30573,                 1.3972,                 1.0735,                 1.2204,                 1.5231,                 1.2877,                 1.1925,               0.007129,               0.007129,               0.007129
                     61,                 1.3704,                 1.0467,                 1.1269,                 1.5838,                 1.2756,                 1.0859,                0.57128,                0.48002,                0.49326,                0.30639,                 1.3841,                 1.0666,                 1.2094,                 1.5114,                 1.2417,                 1.1838,              0.0070795,              0.0070795,              0.0070795
                     62,                 1.3734,                 1.0588,                 1.1293,                 1.5845,                 1.2724,                 1.0886,                0.58488,                 0.4561,                0.49427,                0.30586,                 1.3901,                 1.0732,                 1.2154,                 1.5119,                 1.2674,                 1.1888,                0.00703,                0.00703,                0.00703
                     63,                 1.3665,                 1.0399,                  1.126,                 1.5728,                  1.239,                 1.0828,                0.53358,                0.48322,                0.48922,                0.30525,                 1.3882,                 1.0678,                 1.2109,                 1.5102,                 1.2679,                 1.1797,              0.0069805,              0.0069805,              0.0069805
                     64,                 1.3943,                 1.0591,                 1.1324,                 1.6054,                 1.2703,                 1.0898,                0.60746,                0.45342,                0.50297,                0.31002,                 1.3821,                  1.058,                 1.2074,                 1.5031,                 1.2243,                 1.1799,               0.006931,               0.006931,               0.006931
                     65,                 1.3512,                 1.0149,                 1.1128,                 1.5566,                 1.2219,                 1.0707,                0.55669,                 0.4744,                0.49819,                0.31156,                 1.3804,                 1.0612,                 1.2135,                  1.511,                 1.2419,                 1.1879,              0.0068815,              0.0068815,              0.0068815
                     66,                   1.34,                 1.0183,                 1.1223,                 1.5492,                 1.2285,                 1.0829,                0.54841,                0.46982,                0.49803,                0.30926,                 1.3855,                  1.059,                 1.2124,                 1.5092,                 1.2599,                 1.1857,               0.006832,               0.006832,               0.006832
                     67,                 1.3378,                0.99627,                 1.1173,                 1.5467,                 1.2001,                 1.0816,                0.57217,                0.48196,                0.50166,                0.31173,                 1.3771,                 1.0411,                 1.2104,                 1.4996,                 1.2239,                 1.1847,              0.0067825,              0.0067825,              0.0067825
                     68,                 1.3668,                   1.04,                  1.123,                 1.5797,                 1.2466,                 1.0786,                0.57993,                0.49158,                0.50666,                0.31961,                 1.3723,                 1.0553,                 1.1999,                  1.496,                 1.2474,                 1.1782,               0.006733,               0.006733,               0.006733
                     69,                 1.3487,                 1.0276,                 1.1137,                  1.562,                  1.236,                 1.0734,                0.59403,                0.47779,                0.51283,                0.31842,                 1.3781,                 1.0527,                 1.2043,                 1.5041,                 1.2551,                 1.1801,              0.0066835,              0.0066835,              0.0066835
                     70,                 1.3408,                 1.0312,                 1.1152,                 1.5629,                 1.2413,                 1.0804,                0.63054,                0.49734,                0.50266,                 0.3135,                 1.3723,                 1.0544,                 1.2027,                 1.4979,                 1.2246,                 1.1827,               0.006634,               0.006634,               0.006634
                     71,                 1.3423,                 1.0118,                 1.1151,                 1.5634,                 1.2253,                 1.0782,                0.62969,                0.48343,                0.50344,                0.31604,                 1.3775,                 1.0576,                 1.2035,                 1.4989,                 1.2544,                 1.1813,              0.0065845,              0.0065845,              0.0065845
                     72,                 1.3306,                0.99936,                 1.1063,                 1.5467,                  1.204,                 1.0679,                0.56299,                0.49714,                0.51419,                 0.3247,                 1.3668,                 1.0356,                 1.1898,                 1.4946,                 1.2314,                 1.1699,               0.006535,               0.006535,               0.006535
                     73,                 1.3302,                0.98537,                 1.1041,                 1.5443,                 1.1752,                 1.0636,                0.62944,                0.50139,                 0.5111,                0.31987,                 1.3689,                 1.0398,                 1.1999,                 1.5001,                 1.2234,                  1.177,              0.0064855,              0.0064855,              0.0064855
                     74,                  1.318,                0.98271,                 1.1047,                   1.53,                 1.1792,                 1.0655,                0.59565,                0.48572,                0.51136,                0.31955,                 1.3678,                 1.0489,                 1.2004,                 1.4966,                 1.2314,                 1.1781,               0.006436,               0.006436,               0.006436
                     75,                 1.3174,                0.98165,                 1.0994,                 1.5269,                 1.1774,                 1.0633,                0.56171,                0.50001,                0.51257,                0.32095,                 1.3683,                 1.0269,                 1.1987,                 1.4921,                  1.211,                 1.1749,              0.0063865,              0.0063865,              0.0063865
                     76,                 1.3039,                0.98613,                 1.0994,                 1.5209,                 1.1933,                 1.0656,                 0.5786,                0.50089,                0.51554,                0.32112,                 1.3612,                 1.0292,                 1.1944,                 1.4904,                 1.2079,                 1.1749,               0.006337,               0.006337,               0.006337
                     77,                 1.3152,                 1.0039,                 1.1009,                 1.5419,                  1.186,                 1.0633,                0.58871,                0.49562,                0.51998,                0.32347,                 1.3582,                 1.0294,                 1.1943,                 1.4879,                 1.2294,                 1.1758,              0.0062875,              0.0062875,              0.0062875
                     78,                 1.3204,                0.97546,                 1.0972,                 1.5359,                 1.1685,                 1.0643,                0.58322,                0.49255,                0.51637,                0.32166,                 1.3624,                 1.0218,                 1.1935,                 1.4926,                 1.2193,                 1.1736,               0.006238,               0.006238,               0.006238
                     79,                  1.295,                0.97067,                 1.0953,                 1.5114,                 1.1609,                 1.0618,                0.63171,                0.48011,                 0.5185,                0.32381,                 1.3536,                 1.0162,                 1.1926,                 1.4822,                 1.2116,                 1.1735,              0.0061885,              0.0061885,              0.0061885
                     80,                 1.2993,                 0.9446,                 1.0891,                 1.5114,                  1.134,                 1.0553,                0.54694,                0.51759,                0.51503,                0.32405,                   1.36,                 1.0252,                 1.1966,                 1.4868,                 1.2126,                 1.1762,               0.006139,               0.006139,               0.006139
                     81,                 1.3144,                0.95863,                 1.0954,                  1.527,                 1.1427,                 1.0586,                0.55418,                0.50109,                0.51589,                0.32057,                 1.3532,                 1.0308,                 1.1895,                 1.4808,                 1.2375,                 1.1657,              0.0060895,              0.0060895,              0.0060895
                     82,                 1.3082,                0.97327,                 1.0971,                 1.5314,                 1.1738,                 1.0619,                0.59364,                0.49226,                0.52107,                0.32567,                 1.3545,                 1.0209,                 1.1895,                 1.4817,                 1.2237,                  1.169,                0.00604,                0.00604,                0.00604
                     83,                 1.2944,                0.95136,                 1.0895,                 1.5192,                 1.1472,                 1.0519,                0.60135,                0.50033,                 0.5264,                0.33034,                 1.3575,                 1.0151,                 1.1926,                 1.4822,                 1.2065,                 1.1703,              0.0059905,              0.0059905,              0.0059905
                     84,                 1.3035,                0.95971,                 1.0948,                 1.5203,                  1.141,                 1.0609,                0.58548,                0.49326,                0.52005,                0.32799,                 1.3546,                  1.021,                 1.1876,                 1.4811,                  1.207,                 1.1699,               0.005941,               0.005941,               0.005941
                     85,                 1.2835,                0.93935,                 1.0823,                 1.5012,                 1.1164,                 1.0456,                0.58741,                 0.5062,                0.52166,                0.32796,                 1.3474,                 1.0212,                 1.1883,                 1.4766,                  1.223,                 1.1673,              0.0058915,              0.0058915,              0.0058915
                     86,                 1.3081,                0.96511,                 1.0922,                 1.5266,                 1.1556,                 1.0585,                0.58364,                0.51454,                0.52478,                0.32827,                 1.3413,                  1.009,                 1.1816,                 1.4683,                 1.2013,                 1.1623,               0.005842,               0.005842,               0.005842
                     87,                 1.2595,                  0.935,                 1.0823,                  1.472,                 1.1237,                  1.052,                0.65483,                0.51527,                0.52427,                0.32944,                 1.3412,                 1.0056,                 1.1801,                 1.4668,                 1.1862,                 1.1608,              0.0057925,              0.0057925,              0.0057925
                     88,                 1.2751,                 0.9338,                 1.0859,                 1.5017,                 1.1228,                 1.0528,                0.67261,                0.49163,                0.52786,                0.33106,                 1.3478,                 0.9956,                 1.1835,                 1.4757,                 1.1611,                 1.1651,               0.005743,               0.005743,               0.005743
                     89,                 1.2711,                0.93121,                 1.0843,                 1.4853,                 1.1095,                 1.0546,                0.60396,                 0.5058,                0.53223,                0.33636,                 1.3429,                 1.0029,                 1.1809,                 1.4748,                 1.1663,                 1.1636,              0.0056935,              0.0056935,              0.0056935
                     90,                 1.2557,                0.92503,                 1.0858,                 1.4833,                 1.1153,                 1.0555,                0.58716,                0.51311,                0.52896,                0.33503,                 1.3422,                0.99506,                 1.1815,                 1.4743,                  1.169,                 1.1653,               0.005644,               0.005644,               0.005644
                     91,                 1.2728,                0.94264,                 1.0762,                 1.4874,                 1.1174,                 1.0427,                0.68021,                0.49759,                0.53006,                0.33416,                 1.3403,                0.99194,                 1.1834,                 1.4746,                 1.1766,                 1.1652,              0.0055945,              0.0055945,              0.0055945
                     92,                 1.2833,                0.94207,                 1.0863,                 1.5001,                 1.1345,                 1.0531,                0.66503,                0.51588,                0.53353,                0.33595,                 1.3392,                0.98082,                 1.1836,                   1.47,                 1.1375,                 1.1666,               0.005545,               0.005545,               0.005545
                     93,                 1.2747,                0.91967,                  1.075,                 1.5042,                 1.0929,                 1.0451,                0.58234,                0.51258,                0.53173,                0.33657,                 1.3399,                      1,                 1.1828,                 1.4702,                 1.1811,                 1.1633,              0.0054955,              0.0054955,              0.0054955
                     94,                 1.2709,                0.92861,                 1.0795,                 1.4978,                  1.106,                 1.0488,                0.57244,                0.52464,                0.52908,                0.33364,                 1.3439,                 1.0006,                 1.1825,                 1.4758,                  1.181,                  1.163,               0.005446,               0.005446,               0.005446
                     95,                 1.2676,                0.90561,                 1.0673,                  1.487,                 1.0784,                 1.0371,                0.64822,                0.52038,                0.53008,                0.33528,                 1.3403,                 1.0028,                 1.1808,                  1.472,                 1.2022,                 1.1641,              0.0053965,              0.0053965,              0.0053965
                     96,                 1.2509,                0.89753,                 1.0712,                  1.466,                 1.0683,                 1.0437,                 0.6452,                0.51291,                0.52093,                0.33068,                 1.3369,                 0.9964,                 1.1796,                 1.4701,                 1.1708,                  1.163,               0.005347,               0.005347,               0.005347
                     97,                 1.2522,                0.90634,                 1.0662,                 1.4758,                 1.0886,                 1.0386,                0.58147,                0.51417,                0.52642,                0.33226,                 1.3374,                0.98456,                 1.1776,                 1.4695,                 1.1652,                 1.1619,              0.0052975,              0.0052975,              0.0052975
                     98,                 1.2441,                0.90695,                 1.0747,                 1.4659,                 1.0988,                 1.0494,                0.57582,                0.52609,                0.53173,                0.33713,                 1.3377,                0.99321,                 1.1773,                 1.4712,                 1.1745,                 1.1634,               0.005248,               0.005248,               0.005248
                     99,                 1.2615,                0.91422,                 1.0757,                 1.4847,                 1.0976,                 1.0487,                0.56038,                0.53446,                0.53302,                0.33736,                 1.3317,                0.98701,                 1.1777,                  1.465,                 1.1659,                 1.1631,              0.0051985,              0.0051985,              0.0051985
                    100,                 1.2403,                0.88398,                 1.0616,                 1.4702,                 1.0514,                 1.0336,                 0.5886,                  0.528,                0.53172,                0.33839,                  1.332,                0.98517,                 1.1781,                  1.465,                 1.1693,                 1.1617,               0.005149,               0.005149,               0.005149
                    101,                 1.2721,                0.88725,                 1.0668,                 1.4978,                 1.0528,                 1.0356,                0.60032,                0.52942,                0.53833,                0.34101,                 1.3346,                0.98059,                 1.1773,                 1.4677,                 1.1561,                 1.1619,              0.0050995,              0.0050995,              0.0050995
                    102,                 1.2322,                0.87902,                 1.0625,                 1.4583,                  1.042,                  1.033,                0.62036,                0.52628,                0.54605,                0.34502,                  1.336,                0.97513,                 1.1788,                 1.4665,                 1.1468,                 1.1589,                0.00505,                0.00505,                0.00505
                    103,                 1.2472,                0.90468,                 1.0702,                 1.4669,                 1.0698,                 1.0375,                0.67997,                 0.5267,                0.54429,                0.34388,                 1.3349,                 0.9708,                 1.1777,                 1.4689,                 1.1493,                 1.1583,              0.0050005,              0.0050005,              0.0050005
                    104,                 1.2251,                0.87633,                 1.0526,                 1.4516,                 1.0367,                 1.0252,                0.68667,                 0.5132,                0.54124,                0.34154,                 1.3354,                0.97811,                 1.1766,                 1.4687,                 1.1603,                 1.1592,               0.004951,               0.004951,               0.004951
                    105,                 1.2462,                 0.8954,                 1.0596,                 1.4722,                 1.0676,                 1.0336,                0.61771,                0.54449,                0.54174,                0.34298,                 1.3346,                0.98347,                 1.1782,                   1.47,                 1.1624,                 1.1627,              0.0049015,              0.0049015,              0.0049015
                    106,                 1.2404,                0.88424,                 1.0566,                 1.4712,                 1.0527,                 1.0266,                0.61124,                0.53459,                0.54461,                0.34287,                  1.333,                 0.9857,                 1.1786,                 1.4677,                 1.1817,                 1.1613,               0.004852,               0.004852,               0.004852
                    107,                 1.2516,                 0.8915,                   1.06,                 1.4908,                 1.0608,                 1.0273,                0.61443,                0.52557,                0.54816,                0.34436,                  1.332,                0.98665,                  1.177,                  1.466,                 1.1899,                 1.1608,              0.0048025,              0.0048025,              0.0048025
                    108,                 1.2392,                 0.8807,                 1.0666,                  1.471,                 1.0483,                 1.0367,                 0.6155,                0.51938,                0.54825,                0.34541,                 1.3353,                0.98546,                 1.1782,                 1.4667,                 1.1825,                 1.1592,               0.004753,               0.004753,               0.004753
                    109,                 1.2266,                0.86926,                 1.0583,                 1.4501,                 1.0345,                 1.0311,                0.62785,                0.51828,                0.55134,                0.34634,                 1.3327,                0.98583,                 1.1787,                 1.4633,                 1.1859,                 1.1591,              0.0047035,              0.0047035,              0.0047035
                    110,                 1.2358,                0.88133,                 1.0632,                  1.457,                   1.04,                 1.0311,                0.67962,                0.51979,                0.55039,                0.34867,                 1.3276,                0.97737,                 1.1746,                 1.4605,                 1.1714,                 1.1565,               0.004654,               0.004654,               0.004654
                    111,                 1.2237,                0.87019,                 1.0571,                 1.4392,                 1.0264,                 1.0296,                0.70428,                0.51321,                 0.5541,                0.34815,                 1.3326,                 0.9727,                 1.1779,                 1.4643,                 1.1514,                 1.1593,              0.0046045,              0.0046045,              0.0046045
                    112,                 1.2158,                0.85104,                 1.0564,                  1.437,                 1.0155,                 1.0288,                0.68607,                 0.5225,                0.55034,                 0.3483,                 1.3313,                 0.9771,                  1.176,                 1.4657,                 1.1675,                 1.1604,               0.004555,               0.004555,               0.004555
                    113,                 1.2194,                 0.8585,                 1.0531,                 1.4434,                 1.0171,                 1.0275,                0.69795,                0.52488,                0.55456,                0.34921,                 1.3308,                 0.9734,                 1.1764,                 1.4643,                 1.1575,                 1.1591,              0.0045055,              0.0045055,              0.0045055
                    114,                 1.2241,                0.86849,                 1.0543,                  1.457,                 1.0354,                 1.0256,                0.59844,                0.54477,                0.55828,                0.35138,                 1.3302,                0.97267,                 1.1768,                 1.4661,                 1.1594,                 1.1616,               0.004456,               0.004456,               0.004456
                    115,                 1.2174,                0.85195,                 1.0504,                 1.4652,                  1.017,                 1.0246,                0.68516,                0.53191,                0.56012,                0.35274,                 1.3275,                0.97085,                 1.1751,                 1.4626,                 1.1696,                 1.1584,              0.0044065,              0.0044065,              0.0044065
                    116,                 1.2109,                0.84905,                 1.0435,                 1.4357,                 1.0018,                 1.0147,                0.68117,                0.52987,                0.56147,                0.35345,                 1.3264,                0.96955,                 1.1753,                 1.4628,                  1.159,                 1.1594,               0.004357,               0.004357,               0.004357
                    117,                 1.2033,                  0.834,                  1.042,                 1.4343,                0.97713,                 1.0177,                0.70396,                0.51872,                0.56025,                0.35368,                 1.3237,                0.96894,                 1.1735,                 1.4624,                 1.1662,                 1.1587,              0.0043075,              0.0043075,              0.0043075
                    118,                 1.2178,                0.85037,                  1.044,                 1.4442,                0.99918,                 1.0156,                 0.6313,                0.52226,                0.55547,                0.35312,                 1.3243,                0.96592,                 1.1736,                 1.4609,                 1.1698,                 1.1582,               0.004258,               0.004258,               0.004258
                    119,                 1.2122,                0.84602,                 1.0474,                 1.4473,                 1.0067,                 1.0207,                0.62718,                0.51925,                0.55315,                0.35149,                 1.3266,                0.97289,                 1.1737,                 1.4632,                 1.1809,                 1.1587,              0.0042085,              0.0042085,              0.0042085
                    120,                 1.2102,                 0.8536,                 1.0475,                 1.4318,                 1.0125,                 1.0203,                0.62132,                0.52166,                0.55388,                0.35187,                 1.3275,                0.97251,                 1.1748,                 1.4621,                 1.1748,                 1.1575,               0.004159,               0.004159,               0.004159
                    121,                 1.1947,                0.83356,                 1.0414,                 1.4276,                0.99199,                 1.0168,                0.64181,                0.50455,                0.55653,                0.35374,                 1.3263,                0.97352,                 1.1748,                 1.4628,                 1.1841,                  1.158,              0.0041095,              0.0041095,              0.0041095
                    122,                 1.1901,                0.83068,                 1.0408,                 1.4093,                0.98345,                 1.0171,                0.62243,                0.52248,                0.55336,                0.35436,                 1.3256,                0.97225,                 1.1742,                 1.4637,                 1.1716,                  1.158,                0.00406,                0.00406,                0.00406
                    123,                 1.1949,                0.82914,                 1.0439,                 1.4275,                0.98522,                 1.0179,                0.61628,                0.53529,                0.55745,                0.35713,                 1.3259,                0.96813,                  1.174,                 1.4627,                 1.1621,                 1.1577,              0.0040105,              0.0040105,              0.0040105
                    124,                 1.1836,                0.83919,                 1.0413,                 1.4059,                0.98519,                 1.0154,                 0.6153,                0.53414,                0.56125,                0.35916,                 1.3259,                0.96949,                 1.1741,                 1.4624,                 1.1589,                 1.1585,               0.003961,               0.003961,               0.003961
                    125,                  1.187,                0.81894,                 1.0398,                 1.4144,                0.95755,                 1.0109,                0.61516,                 0.5377,                0.56486,                0.36026,                 1.3248,                0.96678,                 1.1727,                 1.4603,                 1.1527,                 1.1554,              0.0039115,              0.0039115,              0.0039115
                    126,                 1.2129,                0.85103,                 1.0473,                 1.4569,                 1.0283,                 1.0245,                0.62873,                0.54113,                0.56777,                0.36049,                  1.327,                0.96889,                 1.1724,                 1.4629,                 1.1589,                 1.1555,               0.003862,               0.003862,               0.003862
                    127,                 1.1993,                0.83202,                 1.0424,                 1.4275,                0.97632,                 1.0165,                0.60631,                0.56068,                0.56969,                0.36009,                  1.327,                0.96944,                 1.1727,                 1.4659,                  1.162,                  1.156,              0.0038125,              0.0038125,              0.0038125
                    128,                  1.179,                0.82597,                 1.0402,                 1.4088,                0.98622,                 1.0193,                0.75823,                0.54304,                0.57125,                0.36271,                 1.3265,                0.97019,                 1.1733,                 1.4652,                 1.1622,                 1.1572,               0.003763,               0.003763,               0.003763
                    129,                 1.1827,                 0.8226,                 1.0304,                 1.4069,                0.96951,                 1.0054,                 0.6547,                0.54911,                0.56881,                0.36163,                 1.3269,                0.97108,                 1.1739,                 1.4653,                 1.1638,                 1.1568,              0.0037135,              0.0037135,              0.0037135
                    130,                 1.1819,                0.82074,                 1.0418,                  1.414,                0.97709,                 1.0187,                0.62517,                0.56423,                0.57049,                0.35989,                 1.3259,                0.97321,                 1.1727,                 1.4647,                 1.1716,                 1.1568,               0.003664,               0.003664,               0.003664
                    131,                 1.1621,                0.79462,                 1.0234,                 1.3862,                0.93433,                  1.002,                0.62719,                0.56671,                0.56964,                0.35987,                 1.3269,                 0.9714,                 1.1746,                 1.4643,                 1.1702,                 1.1573,              0.0036145,              0.0036145,              0.0036145
                    132,                 1.1732,                0.80315,                 1.0294,                 1.4041,                0.94018,                  1.005,                0.64595,                0.54598,                 0.5663,                0.35824,                 1.3259,                0.96953,                 1.1739,                 1.4656,                 1.1638,                 1.1577,               0.003565,               0.003565,               0.003565
                    133,                 1.1731,                0.79883,                 1.0306,                 1.4045,                0.94658,                 1.0081,                0.62872,                0.54977,                0.56471,                0.35623,                 1.3269,                0.96793,                  1.174,                 1.4651,                 1.1613,                 1.1579,              0.0035155,              0.0035155,              0.0035155
                    134,                  1.172,                0.80725,                 1.0334,                 1.4156,                0.95895,                 1.0108,                0.65199,                0.53312,                0.56668,                0.35748,                 1.3263,                0.96637,                 1.1732,                 1.4639,                 1.1607,                 1.1568,               0.003466,               0.003466,               0.003466
                    135,                  1.163,                0.79863,                  1.023,                 1.3974,                0.94486,                 0.9988,                0.64125,                0.53826,                0.56625,                0.35728,                 1.3256,                0.96262,                 1.1734,                 1.4625,                 1.1558,                 1.1568,              0.0034165,              0.0034165,              0.0034165
                    136,                 1.1749,                 0.8178,                 1.0369,                 1.3996,                 0.9677,                  1.013,                0.65622,                0.53428,                0.56659,                0.35721,                 1.3257,                0.96273,                 1.1733,                 1.4643,                 1.1528,                 1.1563,               0.003367,               0.003367,               0.003367
                    137,                 1.1744,                0.81091,                 1.0272,                 1.4183,                 0.9666,                 1.0043,                0.65013,                0.53508,                0.56777,                0.35749,                 1.3262,                0.96251,                 1.1737,                 1.4644,                 1.1576,                 1.1559,              0.0033175,              0.0033175,              0.0033175
                    138,                 1.1645,                0.79221,                 1.0238,                 1.3852,                0.93024,                 1.0012,                 0.6401,                0.54327,                0.56821,                0.35801,                  1.327,                0.96034,                 1.1739,                 1.4647,                 1.1531,                 1.1557,               0.003268,               0.003268,               0.003268
                    139,                 1.1661,                0.80739,                 1.0248,                 1.3965,                0.95277,                 1.0034,                0.60862,                0.55725,                0.56638,                 0.3584,                 1.3263,                0.95833,                 1.1744,                 1.4642,                 1.1504,                 1.1562,              0.0032185,              0.0032185,              0.0032185
                    140,                  1.147,                0.79155,                 1.0192,                 1.3862,                 0.9314,                0.99825,                0.67365,                0.52856,                0.56842,                0.35981,                 1.3246,                0.95756,                 1.1727,                 1.4645,                 1.1478,                 1.1566,               0.003169,               0.003169,               0.003169
                    141,                 1.1607,                0.79232,                 1.0239,                 1.3861,                0.92608,                 1.0011,                0.62405,                0.54864,                0.56754,                0.35967,                 1.3249,                0.95643,                 1.1732,                 1.4639,                 1.1449,                 1.1569,              0.0031195,              0.0031195,              0.0031195
                    142,                 1.1585,                 0.7988,                 1.0249,                 1.3995,                0.95044,                 1.0044,                  0.625,                0.54515,                0.56891,                0.36012,                 1.3243,                0.95626,                 1.1732,                  1.463,                 1.1487,                 1.1568,                0.00307,                0.00307,                0.00307
                    143,                 1.1529,                0.77591,                 1.0171,                 1.4021,                0.92909,                0.99602,                0.62417,                0.54669,                0.56801,                0.36016,                 1.3255,                0.95886,                 1.1729,                 1.4663,                  1.154,                 1.1588,              0.0030205,              0.0030205,              0.0030205
                    144,                 1.1467,                0.78258,                 1.0221,                 1.3744,                0.91543,                0.99783,                0.63642,                0.54528,                0.56748,                0.35974,                 1.3257,                0.95674,                 1.1726,                 1.4671,                 1.1504,                 1.1589,               0.002971,               0.002971,               0.002971
                    145,                 1.1631,                0.79657,                 1.0255,                 1.3982,                0.93549,                0.99974,                 0.6397,                0.54305,                0.56856,                0.36013,                  1.326,                0.95717,                 1.1729,                 1.4676,                 1.1527,                 1.1597,              0.0029215,              0.0029215,              0.0029215
                    146,                 1.1603,                0.78749,                 1.0245,                 1.3909,                0.93584,                 1.0034,                0.62942,                0.54646,                0.56851,                0.35982,                 1.3265,                0.95823,                 1.1733,                 1.4688,                 1.1543,                 1.1596,               0.002872,               0.002872,               0.002872
                    147,                 1.1496,                0.78994,                 1.0274,                 1.3942,                0.95413,                 1.0077,                0.61745,                0.55529,                0.57228,                0.36166,                 1.3269,                0.95869,                 1.1737,                 1.4683,                 1.1567,                 1.1591,              0.0028225,              0.0028225,              0.0028225
                    148,                 1.1522,                0.78072,                 1.0235,                 1.3736,                0.91173,                0.99816,                0.63086,                0.55257,                0.57349,                0.36156,                 1.3277,                0.95951,                 1.1742,                 1.4697,                 1.1563,                 1.1603,               0.002773,               0.002773,               0.002773
                    149,                 1.1388,                0.77437,                 1.0149,                 1.3677,                0.90044,                0.99705,                0.64788,                0.54708,                0.57451,                 0.3624,                 1.3274,                0.95812,                  1.174,                 1.4696,                 1.1545,                 1.1597,              0.0027235,              0.0027235,              0.0027235
                    150,                 1.1338,                 0.7622,                 1.0093,                 1.3633,                0.88476,                0.98522,                0.64434,                0.54646,                0.57604,                0.36297,                 1.3266,                0.95666,                 1.1744,                 1.4682,                 1.1554,                 1.1595,               0.002674,               0.002674,               0.002674
                    151,                 1.1397,                0.77452,                 1.0187,                 1.3679,                0.91858,                0.99792,                0.64074,                0.55463,                 0.5766,                0.36331,                 1.3264,                0.95593,                  1.174,                 1.4674,                 1.1554,                 1.1593,              0.0026245,              0.0026245,              0.0026245
                    152,                 1.1334,                0.76747,                 1.0116,                 1.3655,                0.90812,                0.99147,                0.64721,                0.56069,                0.57811,                0.36425,                 1.3258,                0.95508,                 1.1736,                 1.4677,                 1.1544,                 1.1587,               0.002575,               0.002575,               0.002575
                    153,                 1.1249,                0.76699,                 1.0193,                 1.3588,                 0.8986,                 1.0008,                0.64655,                0.56582,                0.57904,                0.36416,                 1.3261,                0.95591,                 1.1739,                 1.4683,                 1.1573,                 1.1594,              0.0025255,              0.0025255,              0.0025255
                    154,                 1.1279,                0.76029,                 1.0055,                 1.3626,                0.88791,                0.98467,                0.64741,                0.57284,                0.58015,                0.36504,                 1.3254,                0.95613,                 1.1741,                 1.4676,                  1.158,                 1.1593,               0.002476,               0.002476,               0.002476
                    155,                  1.124,                0.76701,                 1.0141,                  1.369,                0.91821,                0.99582,                0.66704,                0.56795,                0.58202,                0.36565,                 1.3245,                0.95538,                 1.1741,                 1.4661,                 1.1564,                   1.16,              0.0024265,              0.0024265,              0.0024265
                    156,                 1.1455,                0.77481,                 1.0151,                 1.3795,                0.91039,                0.99394,                0.67602,                0.56662,                0.58244,                0.36691,                  1.324,                0.95498,                 1.1738,                 1.4664,                 1.1557,                 1.1607,               0.002377,               0.002377,               0.002377
                    157,                 1.1203,                0.75292,                 1.0022,                 1.3541,                0.88229,                0.98258,                0.67859,                0.56561,                0.58236,                0.36671,                 1.3238,                0.95489,                 1.1736,                 1.4661,                 1.1552,                 1.1602,              0.0023275,              0.0023275,              0.0023275
                    158,                 1.1109,                0.75236,                 1.0051,                 1.3441,                0.88393,                0.98722,                0.68106,                 0.5631,                0.58187,                0.36666,                 1.3236,                0.95561,                  1.174,                 1.4658,                 1.1567,                 1.1602,               0.002278,               0.002278,               0.002278
                    159,                 1.1148,                0.75846,                 1.0031,                 1.3448,                0.86938,                0.98419,                 0.6798,                0.56596,                0.58267,                0.36701,                 1.3236,                0.95622,                 1.1738,                  1.466,                 1.1598,                 1.1597,              0.0022285,              0.0022285,              0.0022285
                    160,                 1.1186,                0.74758,                 1.0039,                 1.3515,                0.87794,                 0.9839,                0.67122,                0.57013,                0.58313,                0.36728,                 1.3228,                0.95557,                  1.173,                  1.465,                 1.1622,                 1.1585,               0.002179,               0.002179,               0.002179
                    161,                 1.1226,                 0.7713,                 1.0128,                 1.3452,                0.89379,                0.99355,                0.65912,                 0.5737,                 0.5826,                0.36693,                 1.3226,                0.95579,                  1.173,                 1.4651,                 1.1625,                 1.1588,              0.0021295,              0.0021295,              0.0021295
                    162,                 1.1184,                0.75406,                 1.0122,                 1.3526,                0.88523,                0.99135,                0.66261,                 0.5696,                0.58257,                0.36699,                 1.3231,                0.95656,                 1.1731,                 1.4651,                 1.1628,                 1.1589,                0.00208,                0.00208,                0.00208
                    163,                 1.1296,                0.75651,                 1.0089,                 1.3662,                0.88941,                0.98911,                0.66661,                0.56761,                 0.5833,                0.36724,                 1.3226,                0.95688,                 1.1732,                 1.4644,                 1.1642,                 1.1586,              0.0020305,              0.0020305,              0.0020305
                    164,                 1.1159,                0.75576,                 1.0087,                 1.3458,                0.87932,                0.98909,                0.66301,                0.56842,                0.58297,                0.36736,                 1.3226,                0.95702,                 1.1734,                 1.4638,                 1.1666,                 1.1583,               0.001981,               0.001981,               0.001981
                    165,                 1.1325,                0.76584,                 1.0194,                  1.361,                0.89999,                0.99648,                0.65958,                0.56923,                0.58302,                0.36764,                 1.3225,                0.95693,                 1.1736,                 1.4636,                  1.167,                 1.1581,              0.0019315,              0.0019315,              0.0019315
                    166,                 1.1101,                0.73722,                 1.0021,                 1.3433,                0.86154,                0.98291,                0.65757,                0.56934,                0.58223,                0.36711,                 1.3221,                0.95702,                 1.1732,                 1.4628,                 1.1681,                 1.1574,               0.001882,               0.001882,               0.001882
                    167,                 1.1149,                0.74029,                 1.0046,                 1.3495,                0.86592,                0.98441,                0.65924,                0.56846,                0.58218,                0.36694,                 1.3221,                0.95725,                  1.173,                 1.4627,                  1.169,                  1.157,              0.0018325,              0.0018325,              0.0018325
                    168,                 1.1077,                0.74762,                 1.0071,                 1.3433,                0.87447,                0.98859,                0.65421,                 0.5718,                0.58201,                0.36699,                 1.3225,                0.95787,                 1.1729,                 1.4633,                 1.1695,                 1.1569,               0.001783,               0.001783,               0.001783
                    169,                 1.1019,                0.74296,                0.99987,                  1.322,                 0.8389,                 0.9788,                0.67115,                0.56789,                0.58206,                0.36753,                 1.3225,                0.95786,                 1.1727,                 1.4632,                 1.1688,                 1.1567,              0.0017335,              0.0017335,              0.0017335
                    170,                 1.1165,                0.73764,                0.99908,                  1.347,                0.85907,                 0.9785,                0.67565,                0.56653,                0.58242,                0.36767,                 1.3227,                0.95841,                 1.1728,                 1.4631,                 1.1714,                 1.1565,               0.001684,               0.001684,               0.001684
                    171,                 1.0875,                0.72326,                0.99898,                 1.3123,                0.83716,                0.98036,                0.66867,                0.57326,                0.58259,                0.36783,                 1.3227,                0.95918,                 1.1727,                 1.4634,                 1.1728,                 1.1563,              0.0016345,              0.0016345,              0.0016345
                    172,                 1.1087,                0.75011,                 1.0014,                 1.3583,                0.89067,                0.97916,                0.67184,                0.57101,                0.58298,                0.36812,                 1.3228,                0.95966,                 1.1726,                 1.4643,                 1.1733,                 1.1564,               0.001585,               0.001585,               0.001585
                    173,                 1.0978,                0.73513,                  1.007,                 1.3361,                0.86537,                 0.9897,                0.67027,                0.57278,                 0.5836,                0.36836,                 1.3229,                0.95945,                 1.1726,                 1.4641,                 1.1738,                 1.1561,              0.0015355,              0.0015355,              0.0015355
                    174,                 1.0894,                0.73645,                0.99959,                 1.3192,                0.85072,                0.98195,                 0.6709,                0.57292,                0.58367,                 0.3683,                  1.323,                0.95919,                 1.1728,                 1.4648,                  1.173,                 1.1567,               0.001486,               0.001486,               0.001486
                    175,                 1.0931,                0.72002,                0.99567,                 1.3209,                0.83143,                0.97918,                0.67654,                0.57464,                0.58529,                0.36866,                  1.323,                0.95888,                 1.1728,                 1.4646,                 1.1734,                 1.1566,              0.0014365,              0.0014365,              0.0014365
                    176,                 1.0944,                0.74585,                 1.0041,                  1.338,                 0.8761,                0.98498,                0.67018,                0.57475,                0.58583,                0.36907,                 1.3232,                0.95906,                 1.1731,                  1.465,                 1.1748,                 1.1569,               0.001387,               0.001387,               0.001387
                    177,                 1.0851,                0.72342,                0.99602,                 1.3193,                0.84414,                 0.9789,                0.67997,                0.57437,                  0.586,                0.36933,                 1.3231,                0.95917,                  1.173,                 1.4654,                 1.1751,                 1.1564,              0.0013375,              0.0013375,              0.0013375
                    178,                 1.0834,                0.72592,                0.99762,                 1.3027,                0.84663,                0.97913,                0.67736,                0.57322,                0.58662,                0.36974,                 1.3233,                 0.9595,                 1.1731,                 1.4653,                 1.1766,                 1.1563,               0.001288,               0.001288,               0.001288
                    179,                 1.0942,                0.72364,                0.99344,                 1.3205,                0.84206,                0.97571,                0.68104,                0.57297,                0.58775,                0.37068,                 1.3235,                0.95983,                 1.1732,                 1.4652,                 1.1778,                 1.1563,              0.0012385,              0.0012385,              0.0012385
                    180,                 1.0806,                0.71856,                0.99699,                 1.3168,                0.83442,                0.97981,                0.68382,                0.57257,                0.58856,                0.37056,                 1.3237,                0.96021,                 1.1734,                 1.4649,                 1.1792,                 1.1564,               0.001189,               0.001189,               0.001189
                    181,                 1.0977,                0.71914,                0.99294,                 1.3244,                  0.836,                0.97219,                0.68793,                0.57355,                0.58943,                 0.3711,                  1.324,                0.96025,                 1.1736,                 1.4647,                 1.1792,                 1.1563,              0.0011395,              0.0011395,              0.0011395
                    182,                 1.0857,                0.73392,                0.99505,                 1.3141,                0.85258,                0.97553,                0.68661,                0.57418,                0.58984,                0.37124,                 1.3241,                0.96049,                 1.1737,                 1.4643,                 1.1799,                 1.1562,                0.00109,                0.00109,                0.00109
                    183,                 1.0895,                  0.717,                0.99292,                 1.3202,                0.83244,                0.97312,                0.68475,                0.57419,                0.59048,                0.37141,                 1.3241,                 0.9605,                 1.1736,                 1.4645,                 1.1793,                 1.1558,              0.0010405,              0.0010405,              0.0010405
                    184,                 1.0822,                0.71987,                0.99783,                 1.3278,                0.84773,                0.98036,                0.68427,                0.57218,                 0.5907,                0.37147,                 1.3244,                 0.9607,                 1.1737,                 1.4647,                 1.1791,                  1.156,               0.000991,               0.000991,               0.000991
                    185,                 1.0664,                0.70854,                0.98691,                 1.2917,                0.82255,                0.96966,                0.68161,                0.57158,                0.59057,                0.37175,                 1.3246,                0.96042,                 1.1738,                 1.4644,                 1.1799,                 1.1555,              0.0009415,              0.0009415,              0.0009415
                    186,                 1.0699,                0.70275,                 0.9896,                 1.3011,                0.80966,                0.97412,                0.68046,                0.57105,                0.58999,                0.37173,                 1.3248,                0.96032,                 1.1739,                 1.4645,                 1.1801,                  1.155,               0.000892,               0.000892,               0.000892
                    187,                 1.0693,                0.70271,                0.99291,                  1.299,                0.81531,                 0.9755,                0.67965,                 0.5697,                 0.5897,                0.37202,                 1.3249,                0.96032,                 1.1739,                 1.4652,                  1.179,                 1.1555,              0.0008425,              0.0008425,              0.0008425
                    188,                 1.0725,                 0.7028,                0.99173,                 1.2976,                 0.8061,                0.97447,                  0.681,                0.56804,                0.58958,                0.37199,                 1.3249,                0.96032,                 1.1739,                 1.4645,                 1.1797,                  1.155,               0.000793,               0.000793,               0.000793
                    189,                 1.0784,                0.70693,                0.98791,                 1.2974,                0.81258,                 0.9666,                0.67903,                0.56792,                0.59005,                0.37237,                 1.3248,                0.96057,                 1.1739,                 1.4647,                 1.1803,                 1.1552,              0.0007435,              0.0007435,              0.0007435
                    190,                 1.0735,                0.71285,                0.98202,                 1.3065,                0.81067,                0.96462,                0.68174,                0.56622,                0.59033,                 0.3726,                 1.3247,                0.96057,                 1.1737,                 1.4646,                 1.1803,                 1.1552,               0.000694,               0.000694,               0.000694
                    191,                  1.029,                0.68865,                0.99079,                  1.226,                 0.7695,                0.98106,                0.68957,                0.56355,                 0.5902,                0.37274,                 1.3246,                0.96073,                 1.1738,                 1.4642,                 1.1803,                 1.1549,              0.0006445,              0.0006445,              0.0006445
                    192,                 1.0303,                 0.6874,                0.99339,                 1.2301,                0.77625,                0.98309,                0.69131,                0.56233,                 0.5906,                0.37315,                 1.3244,                0.96067,                 1.1737,                 1.4642,                 1.1788,                 1.1548,               0.000595,               0.000595,               0.000595
                    193,                 1.0208,                0.66148,                0.98655,                 1.2173,                0.74043,                0.97684,                0.69173,                0.56256,                0.59117,                0.37358,                 1.3243,                0.96035,                 1.1736,                 1.4642,                 1.1774,                 1.1549,              0.0005455,              0.0005455,              0.0005455
                    194,                 1.0222,                0.67899,                0.98833,                 1.2187,                0.76068,                0.97854,                0.69068,                0.56367,                0.59165,                0.37411,                 1.3242,                0.96007,                 1.1736,                 1.4641,                 1.1762,                 1.1549,               0.000496,               0.000496,               0.000496
                    195,                 1.0158,                0.67646,                0.99196,                 1.2101,                0.76302,                0.98182,                  0.688,                0.56419,                0.59174,                0.37355,                 1.3242,                0.95994,                 1.1737,                 1.4644,                 1.1749,                 1.1549,              0.0004465,              0.0004465,              0.0004465
                    196,                 1.0034,                0.66582,                0.98938,                 1.2003,                0.75001,                0.98297,                0.68271,                0.56702,                0.59238,                0.37421,                 1.3243,                0.95994,                 1.1738,                 1.4646,                  1.174,                 1.1551,               0.000397,               0.000397,               0.000397
                    197,                 1.0211,                0.66525,                0.99007,                  1.215,                0.74144,                0.97775,                0.68143,                0.56863,                0.59272,                  0.374,                 1.3245,                0.96017,                 1.1739,                 1.4646,                  1.174,                 1.1552,              0.0003475,              0.0003475,              0.0003475
                    198,                 1.0057,                0.65827,                0.97924,                 1.1992,                0.73333,                0.96883,                0.67607,                0.57228,                0.59332,                0.37429,                 1.3246,                0.96023,                  1.174,                 1.4647,                 1.1735,                 1.1554,               0.000298,               0.000298,               0.000298
                    199,                0.99632,                0.65087,                0.97505,                  1.189,                0.71679,                0.96562,                0.67801,                 0.5713,                0.59337,                0.37432,                 1.3246,                 0.9603,                  1.174,                 1.4645,                 1.1734,                 1.1553,              0.0002485,              0.0002485,              0.0002485
                    200,                0.99804,                0.65207,                0.98067,                 1.1849,                0.71806,                 0.9717,                0.67959,                0.57084,                0.59355,                0.37432,                 1.3245,                0.96041,                 1.1741,                 1.4644,                 1.1735,                 1.1552,               0.000199,               0.000199,               0.000199
